Source File	Size	loadResources	load	generateSnapshots	load-configure	scan	loadDepInfo	loadInfo	checkR4R4B	generateNarratives	validate	loadLists	checkConformanceResources	checkConformanceResources2	checkConformanceResources3	generateLogicalMaps	validateExpressions	scanForUsageStats	checkURLsUnique	processProvenanceDetails	generate1	generate2	generateLogicals	makeDependencies	generateExampleZip	generateValidationPack	scanProfilesForR5	scanExamplesForR5
/fsh-generated/resources/ImplementationGuide-dk.ehealth.sundhed.fhir.ig.core.json	602521	-	0	0	1	0	0	0	28	146	0	0	0	0	0	0	0	5	0	0	1044	476	0	0	0	59	0	8
fsh-generated/resources/Appointment-appointment01.json	2562	4	0	0	0	0	0	0	0	55	0	0	0	0	0	0	0	0	0	0	19	19	0	0	0	0	0	0
fsh-generated/resources/Appointment-group-appointment01.json	5487	5	0	0	0	0	0	0	0	294	0	0	0	0	0	0	0	0	0	0	20	24	0	0	0	0	0	0
fsh-generated/resources/Appointment-group-videoappointment01.json	4297	6	0	0	1	0	0	0	0	26	0	0	0	0	0	0	0	0	0	0	25	19	0	0	0	0	0	0
fsh-generated/resources/Appointment-videoappointment01.json	3432	5	0	0	0	0	0	0	1	14	0	0	0	0	0	0	0	0	0	0	25	14	0	0	0	0	0	0
fsh-generated/resources/CareTeam-108752.json	560	3	0	0	0	0	0	0	0	2	0	0	0	0	0	0	0	0	0	0	10	10	0	0	0	0	0	0
fsh-generated/resources/CareTeam-42.json	555	3	0	0	0	0	0	0	0	1	0	0	0	0	0	0	0	0	0	0	10	8	0	0	0	0	0	0
fsh-generated/resources/Condition-42.json	523	4	0	0	0	0	0	0	0	2	0	0	0	0	0	0	0	0	0	0	9	12	0	0	0	0	0	0
fsh-generated/resources/EpisodeOfCare-42.json	719	3	0	0	0	0	0	0	0	7	0	0	0	0	0	0	0	0	0	0	10	15	0	0	0	0	0	0
fsh-generated/resources/Organization-108752.json	2388	3	0	0	1	0	0	0	0	3	0	0	0	0	0	0	0	0	0	0	12	12	0	0	0	0	0	0
fsh-generated/resources/Organization-8564.json	2364	2	0	0	0	0	0	0	0	2	0	0	0	0	0	0	0	0	0	0	12	8	0	0	0	0	0	0
fsh-generated/resources/Parameters-expParam.json	153	2	0	0	0	0	0	0	0	0	1	0	0	0	0	0	0	0	0	0	7	8	0	0	0	0	0	0
fsh-generated/resources/Patient-102.json	1550	2	0	0	0	0	0	0	0	2	0	0	0	0	0	0	0	0	0	0	11	13	0	0	0	0	0	0
fsh-generated/resources/Patient-291.json	651	3	0	0	0	0	0	0	0	1	0	0	0	0	0	0	0	0	0	0	10	8	0	0	0	0	0	0
fsh-generated/resources/Practitioner-107302.json	302	2	0	0	0	0	0	0	0	0	0	0	0	0	0	0	0	0	0	0	9	9	0	0	0	0	0	0
fsh-generated/resources/Practitioner-123.json	299	2	0	0	1	0	0	0	0	1	0	0	0	0	0	0	0	0	0	0	8	8	0	0	0	0	0	0
fsh-generated/resources/Practitioner-42.json	298	2	0	0	0	0	0	0	0	0	0	0	0	0	0	0	0	0	0	0	9	7	0	0	0	0	0	0
fsh-generated/resources/RelatedPerson-relatedperson01.json	1179	2	0	0	0	0	0	0	0	3	0	0	0	0	0	0	0	0	0	0	10	12	0	0	0	0	0	0
fsh-generated/resources/StructureDefinition-ehealth-actionTrigger.json	5724	3	0	51	0	0	0	0	1	76	0	0	1	0	0	0	0	0	0	0	121	308	0	0	0	6	1	1
fsh-generated/resources/StructureDefinition-ehealth-actionguidance-for.json	3698	2	0	28	0	0	0	0	0	16	0	0	0	0	0	0	0	0	0	0	77	197	0	0	0	3	0	0
fsh-generated/resources/StructureDefinition-ehealth-actionguidance-type.json	1450	2	0	22	0	0	0	0	0	10	0	0	0	0	0	0	0	0	0	0	31	128	0	0	0	1	0	0
fsh-generated/resources/StructureDefinition-ehealth-actionguidance.json	5525	3	0	146	1	0	0	0	0	20	0	0	0	0	0	0	0	1	0	0	100	206	0	0	0	5	0	1
fsh-generated/resources/StructureDefinition-ehealth-activitydefinition.json	7397	2	0	151	0	0	0	0	0	30	0	0	0	0	0	0	0	1	0	0	195	374	0	0	0	9	0	0
fsh-generated/resources/StructureDefinition-ehealth-administrative-status.json	1601	2	0	14	0	0	0	0	0	10	0	0	0	0	0	0	0	0	0	0	31	129	0	0	0	2	0	1
fsh-generated/resources/StructureDefinition-ehealth-answer-Condition.json	3399	2	0	14	0	0	0	0	0	24	0	0	0	0	0	0	0	0	0	0	96	182	0	0	0	4	0	0
fsh-generated/resources/StructureDefinition-ehealth-appointment.json	9304	2	0	1516	0	0	0	0	0	71	0	0	0	0	0	0	0	1	0	0	183	304	0	0	0	8	0	1
fsh-generated/resources/StructureDefinition-ehealth-artifact-date.json	1493	2	0	5	0	0	0	0	0	13	0	0	0	0	0	0	0	0	0	0	30	121	0	0	0	2	0	0
fsh-generated/resources/StructureDefinition-ehealth-assigning-careteam.json	1810	2	0	5	0	0	0	0	0	18	0	0	1	0	0	0	0	0	0	0	34	137	0	0	0	1	0	0
fsh-generated/resources/StructureDefinition-ehealth-auditevent.json	714	2	0	30	0	0	0	0	0	25	0	0	0	0	0	0	0	0	0	0	135	266	0	0	0	7	0	1
fsh-generated/resources/StructureDefinition-ehealth-base-environment.json	1425	2	0	5	0	0	0	0	0	14	0	0	0	0	0	0	0	0	0	0	45	96	0	0	0	2	0	0
fsh-generated/resources/StructureDefinition-ehealth-base.json	1314	2	0	5	0	0	0	0	0	16	0	0	0	0	0	0	0	1	0	0	44	97	0	0	0	2	0	0
fsh-generated/resources/StructureDefinition-ehealth-basic-title.json	1272	2	0	4	0	0	0	0	0	11	0	0	0	0	0	0	0	0	0	0	29	73	0	0	0	1	0	0
fsh-generated/resources/StructureDefinition-ehealth-careplan-statusHistory.json	2469	2	0	6	0	0	0	0	0	17	0	0	0	0	0	0	0	0	0	0	62	97	0	0	0	2	0	0
fsh-generated/resources/StructureDefinition-ehealth-careplan-statusschedule.json	2642	2	0	5	0	0	0	0	0	16	0	0	0	0	0	0	0	0	0	0	63	99	0	0	0	3	0	1
fsh-generated/resources/StructureDefinition-ehealth-careplan.json	13489	2	1	35	1	0	0	0	1	56	0	0	0	0	0	0	0	1	0	0	282	358	0	1	0	22	1	1
fsh-generated/resources/StructureDefinition-ehealth-careteam.json	5248	3	0	8	0	0	0	0	0	25	0	0	0	0	0	0	0	0	0	0	132	167	0	0	0	6	0	1
fsh-generated/resources/StructureDefinition-ehealth-clinicalimpression-assessor-organization.json	1640	1	0	4	0	0	0	0	0	11	0	0	0	0	0	0	0	0	0	0	31	73	0	0	0	1	0	0
fsh-generated/resources/StructureDefinition-ehealth-clinicalimpression-assessor-other.json	1706	2	0	4	0	0	0	0	0	17	0	0	0	0	0	0	0	1	0	0	30	74	0	0	0	1	0	0
fsh-generated/resources/StructureDefinition-ehealth-clinicalimpression-careplan.json	1621	2	0	4	0	0	0	0	0	12	0	0	0	0	0	0	0	0	0	0	30	92	0	0	0	2	0	0
fsh-generated/resources/StructureDefinition-ehealth-clinicalimpression-decision.json	1556	2	0	3	0	0	0	0	0	12	0	0	0	0	0	0	0	0	0	0	29	72	0	0	0	1	0	0
fsh-generated/resources/StructureDefinition-ehealth-clinicalimpression-decisionContext.json	1649	2	0	3	0	0	0	0	0	11	0	0	0	0	0	0	0	0	0	0	31	72	0	0	0	1	0	0
fsh-generated/resources/StructureDefinition-ehealth-clinicalimpression-mediaInvestigationItem.json	1658	2	0	5	0	0	0	0	0	11	0	0	0	0	0	0	0	0	0	0	30	80	0	0	0	1	0	0
fsh-generated/resources/StructureDefinition-ehealth-clinicalimpression-viewInvestigationItem.json	1649	2	0	3	0	0	0	0	0	20	0	0	1	0	0	0	0	0	0	0	30	70	0	0	0	1	0	0
fsh-generated/resources/StructureDefinition-ehealth-clinicalimpression.json	10565	2	0	9	1	0	0	0	0	34	0	0	0	0	0	0	0	0	0	0	184	192	0	0	0	6	0	1
fsh-generated/resources/StructureDefinition-ehealth-communication-recipientCareTeam.json	1599	3	0	5	0	0	0	0	0	23	0	0	0	0	0	0	0	0	0	0	30	72	0	0	0	1	0	0
fsh-generated/resources/StructureDefinition-ehealth-communication-request.json	3318	2	0	17	0	0	0	0	0	25	0	0	0	0	0	0	0	1	0	0	105	194	0	0	0	3	0	1
fsh-generated/resources/StructureDefinition-ehealth-communication-senderCareTeam.json	1575	2	0	4	0	0	0	0	1	10	0	0	0	0	0	0	0	0	0	0	31	70	0	0	0	1	0	0
fsh-generated/resources/StructureDefinition-ehealth-communication.json	6673	2	0	22	0	0	0	0	0	28	0	0	0	0	0	0	0	0	0	0	131	170	0	0	0	4	0	0
fsh-generated/resources/StructureDefinition-ehealth-composition-authorOrganization.json	1630	2	0	5	0	0	0	0	0	15	0	0	0	0	0	0	0	0	0	0	32	69	0	0	0	3	0	0
fsh-generated/resources/StructureDefinition-ehealth-composition.json	4928	2	0	24	0	0	0	0	0	33	0	0	0	0	0	0	0	1	0	0	167	207	0	0	0	8	0	1
fsh-generated/resources/StructureDefinition-ehealth-condition.json	4520	2	0	9	0	0	0	0	0	22	0	0	0	0	0	0	0	0	0	0	137	214	0	0	0	5	0	1
fsh-generated/resources/StructureDefinition-ehealth-consent.json	2390	2	0	39	0	0	0	0	0	61	0	0	0	0	0	0	0	1	0	0	134	379	0	0	0	4	1	1
fsh-generated/resources/StructureDefinition-ehealth-content.json	1866	3	0	4	0	0	0	0	0	11	0	0	0	0	0	0	0	0	0	0	35	116	0	0	0	1	0	0
fsh-generated/resources/StructureDefinition-ehealth-creator.json	1402	2	0	5	1	0	0	0	0	10	0	0	0	0	0	0	0	0	0	0	30	114	0	0	0	1	0	0
fsh-generated/resources/StructureDefinition-ehealth-definedquestion.json	579	2	0	29	0	0	0	0	0	13	0	0	1	0	0	0	0	1	0	0	138	319	0	0	0	5	0	1
fsh-generated/resources/StructureDefinition-ehealth-description.json	1256	2	0	4	0	0	0	0	0	6	0	0	0	0	0	0	0	0	0	0	29	113	0	1	0	1	0	0
fsh-generated/resources/StructureDefinition-ehealth-device-privatelyOwned.json	1409	2	0	4	0	0	0	0	0	6	0	0	0	0	0	0	0	0	0	0	30	115	0	0	0	0	0	0
fsh-generated/resources/StructureDefinition-ehealth-device-suppliers.json	3210	2	0	4	0	0	0	0	0	9	0	0	0	0	0	0	0	0	0	0	65	164	0	0	0	2	0	0
fsh-generated/resources/StructureDefinition-ehealth-device.json	3457	2	0	37	0	0	0	0	1	18	0	0	0	0	0	0	0	0	0	0	152	325	0	0	0	5	0	1
fsh-generated/resources/StructureDefinition-ehealth-devicemetric-calibrationExpires.json	1446	1	0	8	0	0	0	0	0	7	0	0	0	0	0	0	0	0	0	0	30	72	0	0	0	1	0	0
fsh-generated/resources/StructureDefinition-ehealth-devicemetric-properties.json	3490	3	0	9	0	0	0	0	0	27	0	0	0	0	0	0	0	1	0	0	97	107	0	0	0	2	0	0
fsh-generated/resources/StructureDefinition-ehealth-devicemetric-qualities.json	2781	2	0	9	1	0	0	0	0	20	0	0	0	0	0	0	0	0	0	0	76	99	0	0	0	2	0	0
fsh-generated/resources/StructureDefinition-ehealth-devicemetric-qualityHistory.json	4101	2	0	10	0	0	0	0	0	19	0	0	0	0	0	0	0	0	0	0	100	117	0	0	0	3	0	1
fsh-generated/resources/StructureDefinition-ehealth-devicemetric-templateQualities.json	2972	3	0	9	0	0	0	0	0	11	0	0	0	0	0	0	0	0	0	0	71	97	0	0	0	1	0	0
fsh-generated/resources/StructureDefinition-ehealth-devicemetric.json	4210	2	0	11	0	0	0	0	0	12	0	0	0	0	0	0	0	0	0	0	94	144	0	0	0	3	0	0
fsh-generated/resources/StructureDefinition-ehealth-deviceusestatement-context.json	1565	2	0	9	0	0	0	0	0	9	0	0	0	0	0	0	0	1	0	0	30	86	0	0	0	1	0	1
fsh-generated/resources/StructureDefinition-ehealth-deviceusestatement.json	3761	2	0	24	0	0	0	0	0	23	0	0	0	0	0	0	0	0	0	0	90	130	0	0	0	3	0	0
fsh-generated/resources/StructureDefinition-ehealth-document-sharing-state.json	1566	2	0	8	0	0	0	0	0	9	0	0	0	0	0	0	0	0	0	0	30	69	0	0	0	1	0	0
fsh-generated/resources/StructureDefinition-ehealth-documentreference.json	9197	2	0	20	0	0	1	0	0	21	0	0	1	0	0	1	0	1	0	0	208	252	0	0	0	6	1	1
fsh-generated/resources/StructureDefinition-ehealth-effectivePeriod.json	1385	2	0	7	0	0	0	0	0	8	0	0	0	0	0	0	0	0	0	0	33	71	0	0	0	1	0	0
fsh-generated/resources/StructureDefinition-ehealth-employee-title.json	1263	2	0	7	0	0	0	0	0	5	0	0	0	0	0	0	0	0	0	0	29	70	0	0	0	1	0	0
fsh-generated/resources/StructureDefinition-ehealth-enableBehavior-conditionId.json	1301	1	0	6	1	0	0	0	0	6	0	0	0	0	0	0	0	0	0	0	29	77	0	0	0	1	0	0
fsh-generated/resources/StructureDefinition-ehealth-end-meeting-on-end-time.json	1378	2	0	9	0	0	0	0	0	6	0	0	0	0	0	0	0	0	0	0	29	70	0	0	0	1	0	0
fsh-generated/resources/StructureDefinition-ehealth-episodeofcare-caremanagerOrganization.json	1627	2	0	6	0	0	0	0	0	5	0	0	0	0	0	0	0	0	0	0	31	75	0	0	0	0	0	0
fsh-generated/resources/StructureDefinition-ehealth-episodeofcare-statusschedule.json	2727	2	0	15	0	0	0	0	0	9	0	0	0	0	0	0	0	0	0	0	64	93	0	0	0	2	0	1
fsh-generated/resources/StructureDefinition-ehealth-episodeofcare.json	5431	2	0	9	0	0	0	0	1	20	0	0	0	0	0	0	0	1	0	0	143	195	0	0	0	5	0	0
fsh-generated/resources/StructureDefinition-ehealth-ext-careteam.json	1399	2	0	4	0	0	0	0	0	7	0	0	0	0	0	0	0	0	0	0	29	68	0	0	0	1	0	0
fsh-generated/resources/StructureDefinition-ehealth-external-identifier.json	1424	1	0	3	0	0	0	0	0	11	0	0	0	0	0	0	0	0	0	0	31	66	0	0	0	0	0	0
fsh-generated/resources/StructureDefinition-ehealth-general-health-condition.json	2945	2	0	8	0	0	0	0	0	13	0	0	0	0	0	0	0	0	0	0	64	92	0	0	0	2	0	1
fsh-generated/resources/StructureDefinition-ehealth-goal.json	2873	2	0	10	0	0	0	0	0	15	0	0	0	0	0	0	0	0	0	0	89	156	0	0	0	3	0	0
fsh-generated/resources/StructureDefinition-ehealth-group-appointment.json	11669	3	0	43	0	0	0	0	0	54	0	0	0	0	0	0	0	1	0	0	196	210	0	0	0	7	0	1
fsh-generated/resources/StructureDefinition-ehealth-group-id.json	1521	1	0	7	0	0	0	0	0	9	0	0	0	0	0	0	0	0	0	0	29	69	0	0	0	0	0	0
fsh-generated/resources/StructureDefinition-ehealth-group-videoappointment.json	14447	3	0	56	1	0	0	0	0	36	0	0	1	0	0	0	0	1	0	0	229	266	0	0	0	8	1	1
fsh-generated/resources/StructureDefinition-ehealth-guest-pin-code.json	1449	2	0	7	0	0	0	0	0	6	0	0	0	0	0	0	0	0	0	0	30	65	0	0	0	1	0	0
fsh-generated/resources/StructureDefinition-ehealth-guidanceresponse-episodeOfCare.json	1431	2	0	8	0	0	0	0	0	5	0	0	0	0	0	0	0	0	0	0	30	70	0	0	0	1	0	0
fsh-generated/resources/StructureDefinition-ehealth-guidanceresponse.json	3309	2	0	45	0	0	0	0	0	14	0	0	0	0	0	0	0	0	0	0	83	123	0	0	0	3	0	1
fsh-generated/resources/StructureDefinition-ehealth-host-pin-code.json	1548	1	0	7	0	0	0	0	0	8	0	0	0	0	0	0	0	0	0	0	29	64	0	0	0	0	0	0
fsh-generated/resources/StructureDefinition-ehealth-include-as-extra.json	1701	2	0	6	0	0	0	0	0	6	0	0	0	0	0	0	0	0	0	0	30	66	0	0	0	1	0	0
fsh-generated/resources/StructureDefinition-ehealth-intendedAudience.json	1739	2	0	7	0	0	0	0	0	5	0	0	0	0	0	0	0	0	0	0	31	64	0	0	0	1	0	0
fsh-generated/resources/StructureDefinition-ehealth-intendedOrganization.json	1607	2	0	6	0	0	0	0	1	5	0	0	0	0	0	0	0	0	0	0	30	66	0	0	0	1	0	0
fsh-generated/resources/StructureDefinition-ehealth-itcompetencelevel.json	3261	2	0	10	0	0	0	0	0	8	0	0	0	0	0	0	0	0	0	0	78	93	0	0	0	2	0	0
fsh-generated/resources/StructureDefinition-ehealth-legalBasis.json	1340	2	0	6	1	0	0	0	0	5	0	0	0	0	0	0	0	0	0	0	30	66	0	0	0	0	0	0
fsh-generated/resources/StructureDefinition-ehealth-library.json	2818	2	0	18	0	0	0	0	0	9	0	0	0	0	0	0	0	1	0	0	112	151	0	0	0	4	0	1
fsh-generated/resources/StructureDefinition-ehealth-manuallydeprecated-type.json	1370	2	0	9	0	0	0	0	0	5	0	0	0	0	0	0	0	0	0	0	29	64	0	0	0	1	0	0
fsh-generated/resources/StructureDefinition-ehealth-material-communication.json	4319	2	0	41	0	0	0	0	0	11	0	0	0	0	0	0	0	1	0	0	139	181	0	1	0	5	0	1
fsh-generated/resources/StructureDefinition-ehealth-max-participants.json	1424	1	0	6	0	0	0	0	0	5	0	0	0	0	0	0	0	0	0	0	30	65	0	0	0	0	0	0
fsh-generated/resources/StructureDefinition-ehealth-media-related-to.json	1464	2	0	7	0	0	0	0	0	5	0	0	0	0	0	0	0	0	0	0	30	71	0	0	0	1	0	0
fsh-generated/resources/StructureDefinition-ehealth-media-series-id.json	1247	2	0	6	0	0	0	0	0	5	0	0	0	0	0	0	0	0	0	0	28	65	0	0	0	1	0	0
fsh-generated/resources/StructureDefinition-ehealth-media-thumbnail.json	4890	3	0	11	0	0	0	0	0	10	0	0	0	0	0	0	0	0	0	0	109	116	0	0	0	3	0	0
fsh-generated/resources/StructureDefinition-ehealth-media-usage-mode.json	1399	1	0	7	1	0	0	0	0	5	0	0	0	0	0	0	0	0	0	0	30	66	0	0	0	0	0	1
fsh-generated/resources/StructureDefinition-ehealth-media.json	8450	3	0	15	0	0	0	0	0	20	0	0	1	0	0	0	0	1	0	0	163	193	0	0	0	6	0	0
fsh-generated/resources/StructureDefinition-ehealth-meeting-url.json	1410	2	0	7	0	0	0	0	0	5	0	0	0	0	0	0	0	0	0	0	29	63	0	0	0	0	0	0
fsh-generated/resources/StructureDefinition-ehealth-message.json	14889	2	0	99	0	0	0	0	0	21	0	0	0	0	0	0	0	1	0	0	249	232	0	0	0	8	0	1
fsh-generated/resources/StructureDefinition-ehealth-modifier-role.json	3089	2	0	10	0	0	0	0	0	12	0	0	0	0	0	0	0	0	0	0	64	85	0	0	0	2	0	1
fsh-generated/resources/StructureDefinition-ehealth-nameandaddressprotection.json	1643	2	0	7	0	0	0	0	0	5	0	0	0	0	0	0	0	0	0	0	30	64	0	0	0	1	0	0
fsh-generated/resources/StructureDefinition-ehealth-observation-method.json	1477	2	0	9	0	0	0	0	1	6	0	0	0	0	0	0	0	0	0	0	30	62	0	0	0	0	0	0
fsh-generated/resources/StructureDefinition-ehealth-observation-wound-dimensions.json	9353	2	0	76	0	0	0	0	0	2004	0	0	0	0	0	0	0	1	0	0	375	7543	0	0	0	11	0	1
fsh-generated/resources/StructureDefinition-ehealth-observation.json	5853	2	0	0	0	0	0	0	0	16	0	0	0	0	0	0	0	1	0	0	180	212	0	0	0	7	0	1
fsh-generated/resources/StructureDefinition-ehealth-on-behalf-of.json	1433	2	0	7	0	0	0	0	0	6	0	0	1	0	0	0	0	0	0	0	29	65	0	0	0	1	0	0
fsh-generated/resources/StructureDefinition-ehealth-organization-cvrNumber.json	1480	2	0	6	0	0	0	0	0	6	0	0	0	0	0	0	0	0	0	0	30	65	0	0	0	1	0	0
fsh-generated/resources/StructureDefinition-ehealth-organization-municipalityCode.json	1488	2	0	6	1	0	0	0	0	5	0	0	0	0	0	0	0	0	0	0	29	65	0	0	0	0	0	0
fsh-generated/resources/StructureDefinition-ehealth-organization-providerIdentifier.json	1872	2	0	6	0	0	0	0	0	6	0	0	0	0	0	0	0	0	0	0	32	66	0	0	0	1	0	1
fsh-generated/resources/StructureDefinition-ehealth-organization-regionCode.json	1334	2	0	5	0	0	0	0	0	6	0	0	0	0	0	0	0	0	0	0	29	64	0	0	0	1	0	0
fsh-generated/resources/StructureDefinition-ehealth-organization-relatedTo.json	3573	2	0	34	0	0	0	0	0	9	0	0	0	0	0	0	0	0	0	0	79	94	0	0	0	2	0	0
fsh-generated/resources/StructureDefinition-ehealth-organization-source.json	1461	2	0	7	0	0	0	0	0	6	0	0	0	0	0	0	0	0	0	0	29	64	0	0	0	1	0	0
fsh-generated/resources/StructureDefinition-ehealth-organization-specialty.json	3055	2	0	8	0	0	0	0	0	9	0	0	0	0	0	0	0	0	0	0	64	131	0	0	0	1	0	0
fsh-generated/resources/StructureDefinition-ehealth-organization-synchronizationStatus.json	1601	2	0	5	0	0	0	0	0	5	0	0	0	0	0	0	0	0	0	0	30	63	0	0	0	1	0	0
fsh-generated/resources/StructureDefinition-ehealth-organization-telecomCustodian.json	1542	2	0	3	1	0	0	0	0	6	0	0	0	0	0	0	0	0	0	0	29	65	0	0	0	1	0	1
fsh-generated/resources/StructureDefinition-ehealth-organization-telecomSystem.json	1777	2	0	5	0	0	0	0	0	6	0	0	0	0	0	0	0	0	0	0	31	65	0	0	0	0	0	0
fsh-generated/resources/StructureDefinition-ehealth-organization-telecomValue.json	1453	2	0	3	0	0	0	0	0	5	0	0	0	0	0	0	0	1	0	0	29	64	0	0	0	1	0	0
fsh-generated/resources/StructureDefinition-ehealth-organization.json	7040	2	0	17	0	0	0	0	0	19	0	0	0	0	0	0	0	0	0	0	160	179	0	0	0	5	0	0
fsh-generated/resources/StructureDefinition-ehealth-overviewUsageMode.json	1723	2	0	7	0	0	0	0	0	6	0	0	0	0	0	0	0	0	0	0	31	65	0	0	0	1	0	0
fsh-generated/resources/StructureDefinition-ehealth-participant.json	3679	2	0	9	0	0	0	0	0	10	0	0	0	0	0	0	0	0	0	0	77	94	0	0	0	2	0	1
fsh-generated/resources/StructureDefinition-ehealth-patient-contactnote.json	1479	2	0	7	0	0	0	0	0	5	0	0	0	0	0	0	0	0	0	0	30	65	0	0	0	1	0	0
fsh-generated/resources/StructureDefinition-ehealth-patient.json	8668	14	0	44	0	0	0	0	0	38	0	0	1	0	0	0	0	2	0	0	370	1189	0	0	0	13	0	2
fsh-generated/resources/StructureDefinition-ehealth-performer.json	1598	2	0	7	0	0	0	0	1	7	0	0	0	0	0	0	0	0	0	0	31	96	0	0	0	1	0	0
fsh-generated/resources/StructureDefinition-ehealth-performing-organization.json	1591	2	0	5	1	0	0	0	0	6	0	0	0	0	0	0	0	0	0	0	30	95	0	1	0	1	0	0
fsh-generated/resources/StructureDefinition-ehealth-period.json	1455	3	0	7	0	0	0	0	0	6	0	0	0	0	0	0	0	0	0	0	29	97	0	0	0	0	0	0
fsh-generated/resources/StructureDefinition-ehealth-plandefinition.json	6592	2	0	30	0	0	0	0	0	20	0	0	0	0	0	0	0	1	0	0	236	455	0	0	0	8	1	2
fsh-generated/resources/StructureDefinition-ehealth-practitioner.json	1671	2	0	13	0	0	0	0	0	10	0	0	0	0	0	0	0	0	0	0	89	200	0	0	0	3	0	0
fsh-generated/resources/StructureDefinition-ehealth-practitionerrole.json	1529	2	0	13	0	0	0	0	0	10	0	0	0	0	0	0	0	1	1	0	80	137	0	0	0	7	0	0
fsh-generated/resources/StructureDefinition-ehealth-predecessor.json	1370	2	0	8	0	0	0	0	0	7	0	0	0	0	0	0	0	0	0	0	44	81	0	0	0	1	0	1
fsh-generated/resources/StructureDefinition-ehealth-priority.json	1356	2	0	7	0	0	0	0	0	6	0	0	0	0	0	0	0	0	0	0	29	62	0	0	0	1	0	0
fsh-generated/resources/StructureDefinition-ehealth-provenance-dateTimeOfReusedEntity.json	1465	2	0	7	1	0	0	0	0	5	0	0	0	0	0	0	0	0	0	0	33	63	0	0	0	1	0	0
fsh-generated/resources/StructureDefinition-ehealth-provenance.json	2812	2	0	12	0	0	0	0	0	12	0	0	0	0	0	0	0	0	0	0	94	131	0	0	0	3	0	0
fsh-generated/resources/StructureDefinition-ehealth-purpose.json	1209	2	0	7	0	0	0	0	0	5	0	0	0	0	0	0	0	0	0	0	28	61	0	0	0	1	0	0
fsh-generated/resources/StructureDefinition-ehealth-quality.json	4182	2	0	5	0	0	0	0	0	8	0	0	0	0	0	0	0	1	0	0	77	88	0	0	0	1	0	1
fsh-generated/resources/StructureDefinition-ehealth-questionnaire-advanced.json	2141	2	0	45	0	0	0	0	0	22	0	0	1	0	0	0	0	1	0	0	231	312	0	0	0	9	0	1
fsh-generated/resources/StructureDefinition-ehealth-questionnaire-answerSignificance.json	3069	1	0	7	0	0	0	0	0	8	0	0	0	0	0	0	0	0	0	0	57	87	0	0	0	1	0	0
fsh-generated/resources/StructureDefinition-ehealth-questionnaire-feedback.json	3234	2	0	7	0	0	0	0	0	9	0	0	0	0	0	0	0	0	0	0	77	89	0	0	0	2	0	1
fsh-generated/resources/StructureDefinition-ehealth-questionnaire-helpText.json	2999	2	0	5	0	0	0	0	0	8	0	0	0	0	0	0	0	0	0	0	72	82	0	0	0	2	0	0
fsh-generated/resources/StructureDefinition-ehealth-questionnaire-image.json	5991	3	0	5	0	0	0	0	1	20	0	0	0	0	0	0	0	0	0	0	185	111	0	0	0	4	0	0
fsh-generated/resources/StructureDefinition-ehealth-questionnaire-intendedOrganization.json	1692	2	0	3	1	0	0	0	0	7	0	0	0	0	0	0	0	0	0	0	30	62	0	0	0	1	0	0
fsh-generated/resources/StructureDefinition-ehealth-questionnaire-item-is-copyright.json	1552	2	0	4	0	0	0	0	0	5	0	0	0	0	0	0	0	1	0	0	30	61	0	0	0	1	0	0
fsh-generated/resources/StructureDefinition-ehealth-questionnaire-recommendation.json	1596	1	0	4	0	0	0	0	0	6	0	0	0	0	0	0	0	0	0	0	30	62	0	0	0	1	0	0
fsh-generated/resources/StructureDefinition-ehealth-questionnaire-shortText.json	1285	2	0	5	0	0	0	0	0	5	0	0	0	0	0	0	0	0	0	0	28	61	0	0	0	0	0	1
fsh-generated/resources/StructureDefinition-ehealth-questionnaire-sliderStepValueDecimal.json	1486	2	0	3	0	0	0	0	0	6	0	0	0	0	0	0	0	0	0	0	29	61	0	0	0	1	0	0
fsh-generated/resources/StructureDefinition-ehealth-questionnaire-type.json	1518	2	0	4	0	0	0	0	0	5	0	0	0	0	0	0	0	0	0	0	30	65	0	0	0	1	0	0
fsh-generated/resources/StructureDefinition-ehealth-questionnaire.json	18579	3	0	0	0	0	0	0	0	35	0	0	0	0	0	0	0	2	0	0	338	349	0	0	0	11	0	1
fsh-generated/resources/StructureDefinition-ehealth-questionnaireresponse-finding-basis.json	4821	2	0	5	0	0	0	0	0	13	0	0	0	0	0	0	0	0	0	0	113	106	0	0	0	4	0	1
fsh-generated/resources/StructureDefinition-ehealth-questionnaireresponse.json	5831	2	0	8	0	0	0	0	0	18	0	0	0	0	0	0	0	0	0	0	124	193	0	0	0	3	0	0
fsh-generated/resources/StructureDefinition-ehealth-recommendation.json	1490	2	0	3	1	0	0	0	0	6	0	0	0	0	0	0	0	1	0	0	29	62	0	0	0	1	0	0
fsh-generated/resources/StructureDefinition-ehealth-referenceRange.json	3502	2	0	5	0	0	0	0	0	8	0	0	1	0	0	0	0	0	0	0	77	89	0	1	0	2	0	0
fsh-generated/resources/StructureDefinition-ehealth-registration-deadline.json	1285	2	0	4	0	0	0	0	0	5	0	0	0	0	0	0	0	0	0	0	29	60	0	0	0	1	0	0
fsh-generated/resources/StructureDefinition-ehealth-relatedperson.json	2666	2	0	6	0	0	0	0	0	37	0	0	0	0	0	0	0	0	0	0	92	124	0	0	0	3	0	1
fsh-generated/resources/StructureDefinition-ehealth-releasableResource.json	1441	2	0	3	0	0	0	0	0	6	0	0	0	0	0	0	0	0	0	0	30	64	0	0	0	0	0	0
fsh-generated/resources/StructureDefinition-ehealth-resolved-timing.json	4766	2	0	5	0	0	0	0	0	10	0	0	0	0	0	0	0	0	0	0	94	100	0	0	0	3	0	0
fsh-generated/resources/StructureDefinition-ehealth-responsible-organization.json	1553	2	0	4	1	0	0	0	0	5	0	0	0	0	0	0	0	0	0	0	30	62	0	0	0	1	0	0
fsh-generated/resources/StructureDefinition-ehealth-responsible.json	1660	2	0	3	0	0	0	0	1	5	0	0	0	0	0	0	0	0	0	0	30	63	0	0	0	0	0	0
fsh-generated/resources/StructureDefinition-ehealth-restriction-category.json	1538	2	0	3	0	0	0	0	0	5	0	0	0	0	0	0	0	1	0	0	30	62	0	0	0	1	0	0
fsh-generated/resources/StructureDefinition-ehealth-reuseCriteria.json	4835	2	0	6	0	0	0	0	0	10	0	0	0	0	0	0	0	0	0	0	107	106	0	0	0	3	0	1
fsh-generated/resources/StructureDefinition-ehealth-revision.json	1256	2	0	3	0	0	0	0	0	5	0	0	0	0	0	0	0	0	0	0	29	73	0	0	0	0	0	0
fsh-generated/resources/StructureDefinition-ehealth-servicerequest-statusHistory.json	2505	2	0	4	0	0	0	0	0	7	0	0	0	0	0	0	0	0	0	0	61	80	0	0	0	2	0	0
fsh-generated/resources/StructureDefinition-ehealth-servicerequest-statusSchedule.json	2678	2	0	5	0	0	0	0	0	7	0	0	0	0	0	0	0	0	0	0	62	81	0	0	0	2	0	1
fsh-generated/resources/StructureDefinition-ehealth-servicerequest.json	9212	2	0	9	0	0	0	0	0	15	0	0	0	0	0	0	0	1	0	0	184	215	0	0	0	6	0	0
fsh-generated/resources/StructureDefinition-ehealth-sharingApprovalPolicy.json	1604	2	0	4	0	0	0	1	0	6	0	0	0	0	0	0	0	0	0	0	30	63	0	0	0	0	0	0
fsh-generated/resources/StructureDefinition-ehealth-sharingPolicy.json	1518	2	0	3	1	0	0	0	0	7	0	0	0	0	0	0	0	0	0	0	30	62	0	0	0	1	1	1
fsh-generated/resources/StructureDefinition-ehealth-skrs-patient.json	4021	2	0	25	0	0	0	0	0	14	0	0	0	0	0	0	0	1	0	0	154	203	0	0	0	5	0	0
fsh-generated/resources/StructureDefinition-ehealth-status.json	1355	2	0	4	0	0	0	0	0	5	0	0	0	0	0	0	0	0	0	0	43	62	0	0	0	1	0	1
fsh-generated/resources/StructureDefinition-ehealth-task-category.json	1391	2	0	4	0	0	0	0	0	5	0	0	0	0	0	0	0	0	0	0	30	61	0	0	0	1	0	0
fsh-generated/resources/StructureDefinition-ehealth-task-episodeOfCare.json	1375	2	0	4	0	0	0	0	0	6	0	0	0	0	0	0	0	0	0	0	30	67	0	0	0	1	0	0
fsh-generated/resources/StructureDefinition-ehealth-task-responsible.json	1777	2	0	5	0	0	0	0	0	8	0	0	0	0	0	0	0	0	0	0	31	64	0	0	0	0	0	0
fsh-generated/resources/StructureDefinition-ehealth-task.json	7292	2	0	27	0	0	0	0	0	25	0	0	1	0	0	0	0	0	0	0	200	243	0	0	0	7	0	1
fsh-generated/resources/StructureDefinition-ehealth-teamHistory.json	2729	2	0	5	0	0	0	0	0	14	0	0	0	0	0	0	0	1	0	0	64	80	0	0	0	1	0	0
fsh-generated/resources/StructureDefinition-ehealth-teamschedule.json	3441	2	0	33	0	0	0	0	1	15	0	0	0	0	0	0	0	0	0	0	84	88	0	0	0	2	0	1
fsh-generated/resources/StructureDefinition-ehealth-thread-id.json	1407	2	0	4	1	0	0	0	0	8	0	0	0	0	0	0	0	0	0	0	33	60	1	0	0	1	0	0
fsh-generated/resources/StructureDefinition-ehealth-title.json	1201	2	0	4	0	0	0	0	0	8	0	0	0	0	0	0	0	0	0	0	33	60	0	0	0	1	0	0
fsh-generated/resources/StructureDefinition-ehealth-transformation-documentreference.json	6219	2	0	19	0	0	0	0	0	14	0	0	0	0	0	0	0	0	0	0	158	161	0	1	0	4	0	0
fsh-generated/resources/StructureDefinition-ehealth-trigger-enablement-code.json	1669	2	0	3	0	0	0	0	0	6	0	0	0	0	0	0	0	0	0	0	32	62	0	0	0	1	0	0
fsh-generated/resources/StructureDefinition-ehealth-triggerCondition.json	3746	2	0	5	0	0	0	0	0	8	0	0	0	0	0	0	0	1	0	0	77	85	0	0	0	2	0	1
fsh-generated/resources/StructureDefinition-ehealth-usage.json	1197	2	0	4	0	0	0	0	0	5	0	0	0	0	0	0	0	0	0	0	29	60	0	0	0	1	0	0
fsh-generated/resources/StructureDefinition-ehealth-useContext.json	1324	2	0	3	0	0	0	0	0	5	0	0	0	0	0	0	0	0	0	0	30	62	0	0	0	0	0	0
fsh-generated/resources/StructureDefinition-ehealth-version.json	1219	2	0	4	1	0	0	0	0	5	0	0	0	0	0	0	0	0	0	0	28	62	0	0	0	1	0	0
fsh-generated/resources/StructureDefinition-ehealth-videoappointment.json	12520	2	0	27	0	0	0	0	0	17	0	0	1	0	0	0	0	1	0	0	232	217	0	0	0	7	0	1
fsh-generated/resources/StructureDefinition-ehealth-view-for.json	3651	2	0	8	0	0	0	0	0	12	0	0	0	0	0	0	0	0	0	0	83	86	0	0	0	2	0	0
fsh-generated/resources/StructureDefinition-ehealth-view-type.json	1350	2	0	4	0	0	0	0	0	5	0	0	0	0	0	0	0	0	0	0	30	61	0	0	0	1	0	1
fsh-generated/resources/StructureDefinition-ehealth-view.json	5475	2	0	14	0	0	0	0	0	9	0	0	0	0	0	0	0	0	0	0	98	141	0	0	0	3	0	0
fsh-generated/resources/StructureDefinition-ehealth-vmr-uri.json	1428	2	0	5	0	0	0	0	0	7	0	0	0	0	0	0	0	0	0	0	30	61	0	0	0	1	0	0
fsh-generated/resources/StructureDefinition-patient-interpreterRequired.json	1726	2	0	4	0	0	0	0	0	5	0	0	0	0	0	0	0	0	0	0	31	61	0	0	0	0	0	0
input/examples/message01.json	1970	2	0	0	0	0	0	0	0	5	0	0	0	0	0	0	0	0	0	0	12	16	0	0	0	0	0	0
input/resources/CapabilityStatement-careplan.json	46605	3	0	0	0	0	0	0	3	81	0	0	0	0	0	0	0	0	0	0	149	53	0	0	0	6	0	1
input/resources/CapabilityStatement-device.json	11534	2	0	0	0	0	0	0	1	24	0	0	0	0	0	0	0	1	0	0	46	15	0	0	0	1	0	0
input/resources/CapabilityStatement-document-query.json	11859	2	0	0	0	0	0	0	1	15	0	0	0	0	0	0	0	0	0	0	44	12	0	1	0	1	0	0
input/resources/CapabilityStatement-document-transformation.json	20959	2	0	0	0	0	0	0	1	27	0	0	0	0	0	0	0	0	0	0	65	16	0	0	0	2	0	0
input/resources/CapabilityStatement-library.json	7026	2	0	0	0	0	0	0	0	16	0	0	0	0	0	0	0	0	0	0	33	11	0	0	0	1	0	0
input/resources/CapabilityStatement-measurement.json	24273	3	0	0	1	0	0	0	2	29	0	0	0	0	0	0	0	0	0	0	83	20	0	0	0	3	0	0
input/resources/CapabilityStatement-organization.json	24207	3	0	0	0	0	0	0	1	35	0	0	0	0	0	0	0	0	0	0	79	19	0	0	0	3	0	1
input/resources/CapabilityStatement-patient.json	101294	4	0	0	0	0	0	0	5	199	0	0	0	0	0	0	0	0	0	0	214	80	0	2	0	7	0	0
input/resources/CapabilityStatement-plan.json	29338	3	0	0	0	0	0	0	2	43	0	0	0	0	0	0	0	1	0	0	90	27	0	0	0	8	0	1
input/resources/CapabilityStatement-questionnaire.json	17394	2	0	0	0	0	0	0	1	26	0	0	0	0	0	0	0	0	0	0	59	18	0	0	0	2	0	0
input/resources/CapabilityStatement-reporting.json	396902	4	0	0	0	0	0	0	1	162	0	0	0	0	0	0	0	0	0	0	903	68	0	0	0	28	0	0
input/resources/CapabilityStatement-task.json	14639	2	0	0	0	0	0	0	1	40	0	0	0	0	0	0	0	0	0	0	57	16	0	0	0	2	0	0
input/resources/CapabilityStatement-terminology.json	41958	4	0	0	0	0	0	0	3	67	0	0	0	0	0	0	0	0	0	0	123	29	0	0	0	4	0	1
input/resources/CodeSystem-EventTiming.json	5220	2	0	0	0	0	0	0	0	11	0	0	0	0	0	0	0	0	0	0	19	423	0	0	0	0	0	0
input/resources/CodeSystem-action-participant-function.json	3393	2	0	0	1	0	0	0	0	1	0	0	0	0	0	0	0	0	0	0	12	51	0	0	0	1	0	0
input/resources/CodeSystem-audit-restriction-levels.json	1376	2	0	0	0	0	0	0	0	3	0	0	0	0	0	0	0	0	0	0	10	38	0	0	0	0	0	0
input/resources/CodeSystem-care-plan-status.json	4060	2	0	0	0	0	0	0	1	8	0	0	0	0	0	0	0	0	0	0	20	40	0	0	0	0	0	0
input/resources/CodeSystem-ehealth-action-guidance-types.json	875	2	0	0	0	0	0	0	0	4	0	0	0	0	0	0	0	0	0	0	10	34	0	0	0	0	0	0
input/resources/CodeSystem-ehealth-action-type.json	879	2	0	0	0	0	0	0	0	4	0	0	0	0	1	0	0	0	0	0	9	33	0	0	0	0	0	0
input/resources/CodeSystem-ehealth-action.json	873	1	0	0	0	0	0	0	0	4	0	0	0	0	0	0	0	0	0	0	9	31	0	0	0	1	0	0
input/resources/CodeSystem-ehealth-activitydefinition-code.json	3086	2	0	0	0	0	0	0	0	5	0	0	0	0	0	0	0	0	0	0	18	37	0	0	0	0	0	0
input/resources/CodeSystem-ehealth-administrative-status.json	1341	2	0	0	0	0	0	0	0	4	0	0	0	0	0	0	0	0	0	0	10	40	0	0	0	0	0	0
input/resources/CodeSystem-ehealth-appointment-reason.json	728	2	0	0	1	0	0	0	0	4	0	0	0	0	0	0	0	0	0	0	9	31	0	0	0	0	0	0
input/resources/CodeSystem-ehealth-appointment-servicetype.json	959	1	0	0	0	0	0	0	0	3	0	0	0	0	0	0	0	0	0	0	9	32	0	0	0	0	0	0
input/resources/CodeSystem-ehealth-appointmenttype-codes.json	1115	2	0	0	0	0	0	0	0	5	0	0	0	0	0	0	0	0	0	0	11	32	0	0	0	0	0	0
input/resources/CodeSystem-ehealth-basic-resource-type.json	987	2	0	0	0	0	0	0	1	3	0	0	0	0	0	0	0	0	0	0	9	27	0	0	0	1	0	0
input/resources/CodeSystem-ehealth-careplan-category.json	1389	1	0	0	0	0	0	0	0	4	0	0	0	0	0	0	0	0	0	0	10	31	0	0	0	0	0	0
input/resources/CodeSystem-ehealth-careteam-category.json	626	2	0	0	0	0	0	0	0	4	0	0	0	0	0	0	0	0	0	0	9	27	0	0	0	0	0	0
input/resources/CodeSystem-ehealth-careteam-participant-role.json	5034	2	0	0	0	0	0	0	0	4	0	0	0	0	0	0	0	0	0	0	18	34	0	0	0	0	0	0
input/resources/CodeSystem-ehealth-clinicalimpression-codes.json	3031	3	0	0	0	0	0	0	0	6	0	0	0	0	0	0	0	0	0	0	13	30	0	0	0	0	0	0
input/resources/CodeSystem-ehealth-clinicalimpression-decision-codes.json	2232	3	0	0	0	0	0	0	0	4	0	0	0	0	0	0	0	0	0	0	12	29	0	0	0	1	0	0
input/resources/CodeSystem-ehealth-clinicalimpression-decision-support-codes.json	1895	3	0	0	0	0	0	0	1	4	0	0	0	0	0	0	0	1	0	0	12	26	0	0	0	0	0	0
input/resources/CodeSystem-ehealth-clinicalimpression-finding-codes.json	5856	3	0	0	0	0	0	0	0	5	0	0	0	0	0	0	0	0	0	0	20	30	0	0	0	0	0	0
input/resources/CodeSystem-ehealth-clinicalimpression-investigation-item-codes.json	1237	3	0	0	0	0	0	0	0	3	0	0	0	0	0	0	0	0	0	0	10	26	0	0	0	0	0	0
input/resources/CodeSystem-ehealth-clone-operation.json	997	3	0	0	0	0	0	0	0	4	0	0	0	0	0	0	0	0	0	0	10	23	0	0	0	1	0	0
input/resources/CodeSystem-ehealth-communication-category.json	1044	3	0	0	0	0	0	0	0	3	0	0	0	0	0	0	0	0	0	0	9	22	0	0	0	0	0	0
input/resources/CodeSystem-ehealth-conditions.json	1359	4	0	0	1	0	0	0	0	4	0	0	0	0	0	0	0	0	0	0	11	23	0	0	0	0	0	0
input/resources/CodeSystem-ehealth-consent-category.json	1792	2	0	0	0	0	0	0	0	4	0	0	0	0	0	0	0	0	0	0	11	24	0	0	0	0	0	0
input/resources/CodeSystem-ehealth-contactpoint-custodian.json	2398	2	0	0	0	0	0	0	1	4	0	0	0	0	0	0	0	0	0	0	12	27	0	0	0	0	0	0
input/resources/CodeSystem-ehealth-contactpoint-system.json	1715	2	0	0	0	0	0	0	0	4	0	0	0	0	0	0	0	0	0	0	11	24	0	0	0	0	0	1
input/resources/CodeSystem-ehealth-designation-use.json	828	2	0	0	0	0	0	0	0	3	0	0	0	0	0	0	0	0	0	0	9	22	0	0	0	1	0	0
input/resources/CodeSystem-ehealth-device-calibration-actor.json	1606	2	0	0	0	0	0	0	0	4	0	0	0	0	0	0	0	0	0	0	11	22	0	0	0	0	0	0
input/resources/CodeSystem-ehealth-device-calibration-period.json	1279	1	0	0	0	0	0	0	0	3	0	0	0	0	0	0	0	0	0	0	10	22	0	0	0	0	0	0
input/resources/CodeSystem-ehealth-device-measuring-quality.json	11753	2	0	0	0	0	0	0	0	6	0	0	0	0	0	0	0	0	0	0	23	29	0	0	0	0	0	0
input/resources/CodeSystem-ehealth-device-safety.json	1120	2	0	0	0	0	0	0	0	3	0	0	0	0	0	0	0	0	0	0	11	23	0	0	0	1	0	0
input/resources/CodeSystem-ehealth-device-service-types.json	3291	2	0	0	0	0	0	0	1	4	0	0	0	0	0	0	0	0	0	0	13	27	0	0	0	0	0	0
input/resources/CodeSystem-ehealth-device-supplier-roles.json	1147	2	0	0	0	0	0	0	0	4	0	0	0	0	0	0	0	0	0	0	10	22	0	0	0	0	0	0
input/resources/CodeSystem-ehealth-device-types.json	1330	1	0	0	0	0	0	0	0	4	0	0	0	0	0	0	0	0	0	0	11	24	0	0	0	0	0	0
input/resources/CodeSystem-ehealth-device-use-reason.json	1117	2	0	0	1	0	0	0	0	4	0	0	0	0	0	0	0	0	0	0	10	21	0	0	0	0	0	0
input/resources/CodeSystem-ehealth-devicemetric-property-types.json	1453	2	0	0	0	0	0	0	0	3	0	0	0	0	0	0	0	0	0	0	10	24	0	0	0	1	0	0
input/resources/CodeSystem-ehealth-devicemetric-quality-types.json	1292	1	0	0	0	0	0	0	0	4	0	0	0	0	0	0	0	0	0	0	10	22	0	0	0	0	0	0
input/resources/CodeSystem-ehealth-document-class.json	726	2	0	0	0	0	0	0	0	3	0	0	0	0	0	0	0	0	0	0	9	21	0	0	0	0	0	0
input/resources/CodeSystem-ehealth-document-reference-type.json	772	2	0	0	0	0	0	0	0	4	0	0	0	0	0	0	0	0	0	0	9	21	0	0	0	0	0	0
input/resources/CodeSystem-ehealth-document-sharing-state.json	3584	2	0	0	0	0	0	0	1	4	0	0	0	0	0	0	0	0	0	0	16	27	0	0	0	0	0	0
input/resources/CodeSystem-ehealth-document-type.json	1589	2	0	0	0	0	0	0	0	4	0	0	0	0	0	0	0	0	0	0	11	24	0	0	0	0	0	0
input/resources/CodeSystem-ehealth-ehealth-provenance-policies.json	4067	2	0	0	0	0	0	0	0	4	0	0	0	0	0	0	0	0	0	0	17	25	0	0	0	1	0	0
input/resources/CodeSystem-ehealth-ehealth-ucum-printsymbol-supplement.json	3848	2	0	0	0	0	0	0	0	4	0	0	0	0	0	0	0	0	0	0	15	24	0	0	0	0	0	0
input/resources/CodeSystem-ehealth-ehealth-usage-context-type.json	3096	1	0	0	0	0	0	0	0	4	0	0	0	0	0	0	0	0	0	0	14	21	0	0	0	0	0	0
input/resources/CodeSystem-ehealth-fs3-citizen-importance-scores.json	957	2	0	0	1	0	0	0	1	4	0	0	0	0	0	0	0	0	0	0	10	21	0	0	0	0	0	0
input/resources/CodeSystem-ehealth-fs3-citizen-performance-scores.json	1352	7	0	0	0	0	0	0	0	4	0	0	0	0	0	0	0	0	0	0	10	21	0	0	0	1	0	0
input/resources/CodeSystem-ehealth-fs3-group-communitylife.json	651	2	0	0	0	0	0	0	0	3	0	0	0	0	0	0	0	0	0	0	9	20	0	0	0	0	0	0
input/resources/CodeSystem-ehealth-fs3-group-mentalfunctions.json	2193	2	0	0	0	0	0	0	0	4	0	0	0	0	0	0	0	0	0	0	12	21	0	0	0	0	0	0
input/resources/CodeSystem-ehealth-fs3-group-mobility.json	2207	2	0	0	0	0	0	0	0	4	0	0	0	0	0	0	0	0	0	0	12	39	0	0	0	0	0	0
input/resources/CodeSystem-ehealth-fs3-group-practicaltasks.json	1306	2	0	0	0	0	0	0	0	4	0	0	0	0	0	0	0	0	0	0	11	22	0	0	0	0	0	0
input/resources/CodeSystem-ehealth-fs3-group-selfcare.json	1916	1	0	0	0	0	0	0	0	4	0	0	0	0	0	0	0	0	0	0	11	23	0	0	0	0	0	0
input/resources/CodeSystem-ehealth-fs3-health-communication.json	657	3	0	0	0	0	0	0	0	4	0	0	0	0	0	0	0	0	0	0	10	28	0	0	0	0	0	0
input/resources/CodeSystem-ehealth-fs3-health-excretion-of-waste-materials.json	1423	3	0	0	0	0	0	0	1	3	0	0	0	0	0	0	0	0	0	0	11	21	0	0	0	1	0	0
input/resources/CodeSystem-ehealth-fs3-health-function-level.json	904	3	0	0	1	0	0	0	0	4	0	0	0	0	0	0	0	0	0	0	10	24	0	0	0	0	0	0
input/resources/CodeSystem-ehealth-fs3-health-knowledge-and-development.json	1369	3	0	0	0	0	0	0	0	4	0	0	0	0	0	0	0	0	0	0	11	19	0	0	0	0	0	0
input/resources/CodeSystem-ehealth-fs3-health-musculoskeletal.json	692	3	0	0	0	0	0	0	0	3	0	0	1	0	0	0	0	0	0	0	9	21	0	0	0	0	0	0
input/resources/CodeSystem-ehealth-fs3-health-nutrition.json	1495	3	0	0	0	0	0	0	0	5	0	0	0	0	0	0	0	0	0	0	11	18	0	0	0	0	0	0
input/resources/CodeSystem-ehealth-fs3-health-pain-and-sensory-impressions.json	2139	2	0	0	0	0	0	0	0	5	0	0	0	0	0	0	0	0	0	0	12	19	0	0	0	0	0	0
input/resources/CodeSystem-ehealth-fs3-health-psychosocial-conditions.json	1299	2	0	0	0	0	0	0	0	4	0	0	0	0	0	0	0	0	0	0	10	21	0	0	0	1	0	0
input/resources/CodeSystem-ehealth-fs3-health-respiration-and-circulation.json	916	2	0	0	0	0	0	0	0	3	0	0	0	0	0	0	0	0	0	0	10	19	0	0	0	0	0	0
input/resources/CodeSystem-ehealth-fs3-health-sexuality.json	635	2	0	0	0	0	0	0	1	4	0	0	0	0	0	0	0	0	0	0	9	19	0	0	0	0	0	0
input/resources/CodeSystem-ehealth-fs3-health-skin-and-mucous-membranes.json	2452	1	0	0	0	0	0	0	0	7	0	0	0	0	0	0	0	0	0	0	13	23	0	0	0	0	0	0
input/resources/CodeSystem-ehealth-fs3-health-sleep-and-rest.json	835	2	0	0	1	0	0	0	0	6	0	0	0	0	0	0	0	0	0	0	9	24	0	0	0	0	0	0
input/resources/CodeSystem-ehealth-fs3-scores.json	2048	2	0	0	0	0	0	0	0	4	0	0	0	0	0	0	0	0	0	0	11	20	0	0	0	0	0	0
input/resources/CodeSystem-ehealth-goal-description.json	921	2	0	0	0	0	0	0	0	4	0	0	0	0	0	0	0	0	0	0	9	17	0	0	0	0	0	0
input/resources/CodeSystem-ehealth-jurisdiction.json	1067	1	0	0	0	0	0	0	0	6	0	0	0	0	0	0	0	0	0	0	10	18	0	0	0	0	0	0
input/resources/CodeSystem-ehealth-library-type.json	951	2	0	0	0	0	0	0	0	6	0	0	0	0	0	0	0	0	0	0	9	18	0	0	0	1	0	0
input/resources/CodeSystem-ehealth-material-category.json	960	2	0	0	0	0	0	0	1	3	0	0	0	0	0	0	0	0	0	0	11	17	0	0	0	0	0	0
input/resources/CodeSystem-ehealth-material-communication-category.json	789	1	0	0	0	0	0	0	0	4	0	0	0	0	0	0	0	0	0	0	9	16	0	0	0	0	0	0
input/resources/CodeSystem-ehealth-measurement-sharing-approval-policies.json	1227	2	0	0	0	0	0	0	0	4	0	0	0	0	0	0	0	0	0	0	10	18	0	0	0	0	0	0
input/resources/CodeSystem-ehealth-measurement-sharing-policies.json	2601	2	0	0	0	0	0	0	0	4	0	0	0	0	0	0	0	0	0	0	13	20	0	0	0	0	0	0
input/resources/CodeSystem-ehealth-media-usage-mode.json	1134	2	0	0	1	0	0	0	0	4	0	0	0	0	0	0	0	1	0	0	10	19	0	0	0	0	0	1
input/resources/CodeSystem-ehealth-message-category.json	1637	1	0	0	0	0	0	0	0	4	0	0	0	0	0	0	0	0	0	0	11	19	0	0	0	1	0	0
input/resources/CodeSystem-ehealth-message-medium.json	939	2	0	0	0	0	0	0	0	3	0	0	0	0	0	0	0	0	0	0	9	18	0	0	0	0	0	0
input/resources/CodeSystem-ehealth-message-reasonCode.json	4580	2	0	0	0	0	0	0	1	4	0	0	0	0	0	0	0	0	0	0	21	19	0	0	0	0	0	0
input/resources/CodeSystem-ehealth-modifier-role.json	1001	2	0	0	0	0	0	0	0	4	0	0	0	0	0	0	0	0	0	0	10	19	0	0	0	0	0	0
input/resources/CodeSystem-ehealth-observation-method.json	984	1	0	0	0	0	0	0	0	3	0	0	0	0	0	0	0	0	0	0	10	17	0	0	0	0	0	0
input/resources/CodeSystem-ehealth-oio-bpp-roles.json	14729	3	0	0	0	0	0	0	1	6	0	0	0	0	0	0	0	0	0	0	34	26	0	0	0	1	0	0
input/resources/CodeSystem-ehealth-oio-organization-type.json	1050	1	0	0	0	0	0	0	0	5	0	0	0	0	0	0	0	0	0	0	9	17	0	0	0	0	0	0
input/resources/CodeSystem-ehealth-organization-relation-type.json	1152	2	0	0	0	0	0	0	0	3	0	0	0	0	0	0	0	0	0	0	9	16	0	0	0	0	0	0
input/resources/CodeSystem-ehealth-organization-source.json	1201	2	0	0	1	0	0	0	0	4	0	0	0	0	0	0	0	0	0	0	10	17	0	0	0	1	0	0
input/resources/CodeSystem-ehealth-organization-synchronization-status.json	1357	2	0	0	0	0	0	0	0	3	0	0	0	0	0	0	0	0	0	0	10	18	0	0	0	0	0	0
input/resources/CodeSystem-ehealth-overviewUsageMode.json	2633	2	0	0	0	0	0	0	0	8	0	0	0	0	0	0	0	0	0	0	15	19	0	0	0	0	0	0
input/resources/CodeSystem-ehealth-participant-function.json	1437	1	0	0	0	0	0	0	1	6	0	0	0	0	0	0	0	0	0	0	10	17	0	0	0	0	0	0
input/resources/CodeSystem-ehealth-percentage-codes.json	5973	3	0	0	0	0	0	0	0	10	0	0	0	0	0	0	0	0	0	0	31	29	0	0	0	1	0	0
input/resources/CodeSystem-ehealth-plandefinition-recommendation.json	2008	1	0	0	0	0	0	0	1	4	0	0	0	0	0	0	0	0	0	0	13	19	0	0	0	0	0	0
input/resources/CodeSystem-ehealth-priority.json	1181	2	0	0	0	0	0	0	0	3	0	0	0	0	0	0	0	0	0	0	10	15	0	0	0	0	0	0
input/resources/CodeSystem-ehealth-program.json	1150	2	0	0	0	0	0	0	0	4	0	0	0	0	0	0	0	0	0	0	9	16	0	0	0	0	0	0
input/resources/CodeSystem-ehealth-property.json	833	2	0	0	1	0	0	0	0	4	0	0	0	0	0	0	0	0	0	0	10	17	0	0	0	0	0	0
input/resources/CodeSystem-ehealth-quality-types.json	2102	1	0	0	0	0	0	0	0	3	0	0	0	0	0	0	0	0	0	0	12	17	0	0	0	1	0	0
input/resources/CodeSystem-ehealth-questionnaire-elements.json	1737	2	0	0	0	0	0	0	0	4	0	0	0	0	0	0	0	0	0	0	11	20	0	0	0	0	0	0
input/resources/CodeSystem-ehealth-questionnaire-item-significance-indicator.json	1410	2	0	0	0	0	0	0	0	4	0	0	0	0	0	0	0	0	0	0	10	19	0	0	0	0	0	0
input/resources/CodeSystem-ehealth-questionnaire-recommendation.json	3568	2	0	0	0	0	0	0	1	4	0	0	0	0	0	0	0	0	0	0	17	22	0	0	0	0	0	0
input/resources/CodeSystem-ehealth-questionnaire-types.json	2015	1	0	0	0	0	0	0	0	4	0	0	0	0	0	0	0	0	0	0	12	19	0	0	0	0	0	0
input/resources/CodeSystem-ehealth-reference-range-type.json	2209	2	0	0	0	0	0	0	0	4	0	0	0	0	0	0	0	0	0	0	12	20	0	0	0	1	0	0
input/resources/CodeSystem-ehealth-resolved-timing-type.json	1485	2	0	0	0	0	0	0	0	4	0	0	0	0	0	0	0	0	0	0	10	17	0	0	0	0	0	0
input/resources/CodeSystem-ehealth-restriction-category.json	1588	2	0	0	1	0	0	0	0	4	0	0	0	0	0	0	0	0	0	0	12	17	0	0	0	0	0	0
input/resources/CodeSystem-ehealth-situation-quality.json	7442	2	0	0	0	0	0	0	0	13	0	0	0	0	0	0	0	0	0	0	19	20	0	0	0	1	0	0
input/resources/CodeSystem-ehealth-sor-organization-specialty.json	899	1	0	0	0	0	0	0	1	5	0	0	0	0	0	0	0	0	0	0	9	17	0	0	0	0	0	0
input/resources/CodeSystem-ehealth-sor-organization-type.json	1173	2	0	0	0	0	0	0	0	4	0	0	0	0	0	0	0	0	0	0	10	26	0	0	0	0	0	0
input/resources/CodeSystem-ehealth-supplement-action-selection-behavior.json	3773	2	0	0	0	0	0	0	0	5	0	0	0	0	0	0	0	0	0	0	15	20	0	0	0	0	0	0
input/resources/CodeSystem-ehealth-supplement-loinc.org.json	4598	2	0	0	0	0	0	0	0	4	0	0	0	0	0	0	0	0	0	0	18	19	0	0	0	0	0	0
input/resources/CodeSystem-ehealth-supplement-snomed.info-sct.json	876	2	0	0	0	0	0	0	0	7	0	0	0	0	0	0	0	0	0	0	9	15	0	0	0	1	0	0
input/resources/CodeSystem-ehealth-system.json	763	1	0	0	0	0	0	0	0	6	0	0	0	0	0	0	0	0	0	0	9	18	0	0	0	0	0	0
input/resources/CodeSystem-ehealth-task-category.json	7263	2	0	0	1	0	0	0	1	8	0	0	0	0	0	0	0	0	0	0	23	22	0	0	0	0	0	1
input/resources/CodeSystem-ehealth-task-handover-roles.json	2496	2	0	0	0	0	0	0	0	7	0	0	0	0	0	0	0	0	0	0	13	17	0	0	0	0	0	0
input/resources/CodeSystem-ehealth-thumbnail-size-category.json	2573	2	0	0	0	0	0	0	0	7	0	0	0	0	0	0	0	0	0	0	13	18	0	0	0	1	0	0
input/resources/CodeSystem-ehealth-thumbnail-status.json	1121	1	0	0	0	0	0	0	0	4	0	0	0	0	0	0	0	0	0	0	10	14	0	0	0	0	0	0
input/resources/CodeSystem-ehealth-topic-type.json	1314	2	0	0	0	0	0	0	0	4	0	0	0	0	0	0	0	0	0	0	10	15	0	0	0	0	0	0
input/resources/CodeSystem-ehealth-trigger-enablement-code.json	1736	2	0	0	0	0	0	0	0	3	0	0	0	0	0	0	0	0	0	0	11	15	0	0	0	0	0	0
input/resources/CodeSystem-ehealth-unit-code.json	1085	2	0	0	0	0	0	0	0	4	0	0	0	0	0	0	0	0	0	0	10	16	0	0	0	0	0	0
input/resources/CodeSystem-ehealth-usage-quality.json	5042	1	0	0	0	0	0	0	1	4	0	0	0	0	0	0	0	0	0	0	16	25	0	0	0	1	0	0
input/resources/CodeSystem-ehealth-view-type.json	811	2	0	0	1	0	0	0	0	4	0	0	0	0	0	0	0	0	0	0	9	14	0	0	0	0	0	0
input/resources/CodeSystem-hl7.org-fhir-address-type.json	2269	2	0	0	0	0	0	0	0	3	0	0	0	0	0	0	0	0	0	0	11	16	0	0	0	0	0	0
input/resources/CodeSystem-hl7.org-fhir-address-use.json	2680	2	0	0	0	0	0	0	0	4	0	0	0	0	0	0	0	0	0	0	12	15	0	1	0	4	0	0
input/resources/CodeSystem-hl7.org-fhir-care-team-status.json	3242	2	0	0	0	0	0	0	0	7	0	0	0	0	0	0	0	0	0	0	14	15	0	0	0	0	0	0
input/resources/CodeSystem-hl7.org-fhir-consent-state-codes.json	3388	2	0	0	0	0	0	0	1	7	0	0	0	0	0	0	0	1	0	0	13	15	0	0	0	0	0	0
input/resources/CodeSystem-hl7.org-fhir-days-of-week.json	3388	2	0	0	0	0	0	0	0	4	0	0	0	0	0	0	0	0	0	0	13	15	0	0	0	1	0	0
input/resources/CodeSystem-hl7.org-fhir-episode-of-care-status.json	4425	2	0	0	0	0	0	0	0	8	0	0	0	0	0	0	0	0	0	0	16	15	0	0	0	0	0	0
input/resources/CodeSystem-hl7.org-fhir-item-type.json	9616	2	0	0	0	0	0	0	1	9	0	0	0	0	0	0	0	0	0	0	23	20	0	0	0	1	0	0
input/resources/CodeSystem-hl7.org-fhir-publication-status.json	3266	2	0	0	0	0	0	0	0	4	0	0	0	0	0	0	0	0	0	0	14	15	0	0	0	0	0	0
input/resources/CodeSystem-hl7.org-fhir-request-status.json	4317	1	0	0	1	0	0	0	0	4	0	0	0	0	0	0	0	0	0	0	17	26	0	0	0	0	0	0
input/resources/CodeSystem-hl7.org-fhir-resource-types.json	59126	4	0	0	0	0	0	0	3	22	0	0	0	0	0	0	0	0	0	0	125	46	0	0	0	6	0	1
input/resources/CodeSystem-hl7.org-fhir-v3-TimingEvent.json	6888	2	0	0	0	0	0	0	1	5	0	0	0	0	0	0	0	0	0	0	21	19	0	0	0	0	0	0
input/resources/CodeSystem-iso-obp-ui-iso-code-3166-DK.json	1411	2	0	0	0	0	0	0	0	3	0	0	0	0	0	0	0	0	0	0	10	14	0	0	0	1	0	0
input/resources/CodeSystem-kl.dk-fhir-common-caresocial-CodeSystem-FSIII.json	76155	4	0	0	0	0	0	0	3	33	0	0	1	0	0	0	0	0	0	0	203	122	0	0	0	9	0	2
input/resources/CodeSystem-snomed-554471000005108-version-20150731.json	11790	2	0	0	0	0	0	0	1	8	0	0	0	0	0	0	0	0	0	0	29	32	0	0	0	1	0	0
input/resources/CodeSystem-snomed-554471000005108-version-20180331.json	3166	2	0	0	0	0	0	0	0	7	0	0	0	0	0	0	0	0	0	0	13	19	0	0	0	0	0	0
input/resources/CodeSystem-snomed-554471000005108-version-20180930.json	1149	1	0	0	0	0	0	0	0	7	0	0	0	0	0	0	0	0	0	0	9	15	0	0	0	1	0	0
input/resources/CodeSystem-terminology.hl7.org-CodeSystem-data-absent-reason.json	9132	2	0	0	1	0	0	0	1	5	0	0	0	0	0	0	0	1	0	0	22	18	0	0	0	0	0	0
input/resources/CodeSystem-terminology.hl7.org-CodeSystem-hl7TermMaintInfra.json	8820	2	0	0	0	0	0	0	0	5	0	0	0	0	0	0	0	0	0	0	30	21	0	0	0	1	0	0
input/resources/CodeSystem-urn-ietf-bcp-47.json	33818	4	0	0	0	0	0	0	4	9	0	0	0	0	0	0	0	0	0	0	51	33	0	0	0	2	0	1
input/resources/CodeSystem-urn-oid-1.2.208.176.2.1.json	8805	2	0	0	0	0	0	0	1	4	0	0	0	0	0	0	0	0	0	0	20	20	0	0	0	0	0	0
input/resources/CodeSystem-urn-oid-1.2.208.176.2.4.json	13528	2	0	0	0	0	0	0	1	7	0	0	0	0	0	0	0	0	0	0	39	30	0	0	0	2	0	0
input/resources/CodeSystem-urn-oid-1.2.208.176.7.3.1.json	1539	1	0	0	1	0	0	0	0	4	0	0	0	0	0	0	0	0	0	0	12	16	0	0	0	0	0	0
input/resources/CodeSystem-urn-oid-1.2.208.184.100.1.json	1708	2	0	0	0	0	0	0	0	4	0	0	0	0	0	0	0	0	0	0	11	17	0	0	0	0	0	0
input/resources/CodeSystem-urn-oid-1.2.208.184.100.10.json	3885	2	0	0	0	0	0	0	0	4	0	0	0	0	0	0	0	0	0	0	18	17	0	0	0	0	0	0
input/resources/CodeSystem-urn-oid-1.2.208.184.100.8.json	235241	13	0	0	0	0	0	0	13	98	0	0	0	0	0	0	0	1	0	0	349	201	0	0	0	14	0	3
input/resources/CodeSystem-urn-oid-1.2.208.184.100.9.json	1096	2	0	0	0	0	0	0	0	4	0	0	0	0	0	0	0	0	0	0	9	17	0	0	0	1	0	0
input/resources/ConceptMap-ehealth.sundhed.dk-ConceptMap-activitydefinition-code-to-do-missing-measurement.json	12831	2	0	0	0	0	0	0	1	26	0	0	0	0	0	0	0	1	0	0	31	29	0	0	0	1	0	0
input/resources/ConceptMap-ehealth.sundhed.dk-ConceptMap-activitydefinition-code-to-do-reminder.json	12781	2	0	0	0	0	0	0	1	12	0	0	0	0	0	0	0	0	0	0	31	25	0	0	0	1	0	0
input/resources/ConceptMap-ehealth.sundhed.dk-ConceptMap-activitydefinition-code-to-measurement-resource-type.json	10756	2	0	0	0	0	0	0	0	450	0	0	0	0	0	0	0	0	0	0	27	22	0	0	0	0	0	0
input/resources/ConceptMap-ehealth.sundhed.dk-ConceptMap-activitydefinition-code-to-observation-code.json	2598	2	0	0	0	0	0	0	1	11	0	0	0	0	0	0	0	0	0	0	16	15	0	0	1	1	0	0
input/resources/ConceptMap-ehealth.sundhed.dk-ConceptMap-activitydefinition-code-to-perform-sharing.json	12638	2	0	0	1	0	0	0	0	14	0	0	0	0	0	0	0	0	0	0	30	30	0	0	0	1	0	0
input/resources/ConceptMap-ehealth.sundhed.dk-ConceptMap-conceptmap-obs-code-to-ucum.json	9549	2	0	0	0	0	0	0	1	9	0	0	0	0	0	0	0	0	0	0	25	33	0	0	0	0	0	0
input/resources/ConceptMap-ehealth.sundhed.dk-ConceptMap-conceptmap-obs-code-to-value-type.json	9536	2	0	0	0	0	0	0	0	9	0	0	0	0	0	0	0	0	0	0	25	34	0	1	0	1	0	0
input/resources/ConceptMap-ehealth.sundhed.dk-ConceptMap-conceptmap-ucum-to-printsymbol.json	8311	2	0	0	0	0	0	0	1	7	0	0	0	0	0	0	0	0	0	0	23	31	0	0	0	0	0	0
input/resources/ConceptMap-ehealth.sundhed.dk-ConceptMap-oio-bpp-roles-to-careteam-participant-roles.json	12475	2	0	0	0	0	0	0	0	7	0	0	0	0	0	0	0	0	0	0	30	35	0	0	0	1	0	1
input/resources/NamingSystem-Danish-civil-registration-system---CPR.json	1362	2	15	0	0	0	0	0	0	5	1841	0	0	0	0	0	0	0	0	0	11	16	0	0	0	0	0	0
input/resources/NamingSystem-Danish-provider-registry---Ydernummer.json	1336	2	4	0	0	0	0	0	0	4	9	0	0	0	0	0	0	0	0	0	11	15	0	0	0	1	0	0
input/resources/NamingSystem-Sundhedsv-senets-Organisationsregister-SOR-.json	1839	2	4	0	0	0	0	0	1	3	10	0	0	0	0	0	0	0	0	0	11	16	0	0	0	0	0	0
input/resources/NamingSystem-eHealth-Environment.json	726	1	2	0	0	0	0	0	0	4	9	0	0	0	0	0	0	0	0	0	10	15	0	0	0	0	0	0
input/resources/NamingSystem-eHealthIdentifier.json	946	2	2	0	0	0	0	0	0	3	10	0	0	0	0	0	0	0	0	0	10	15	0	0	0	0	0	0
input/resources/NamingSystem-eHealthQuestionIdentifier.json	815	2	4	0	0	0	0	0	0	4	9	0	0	0	0	0	0	0	0	0	10	15	0	0	0	0	0	0
input/resources/NamingSystem-ehealth-device-identifier.json	705	1	3	0	1	0	0	0	0	3	9	0	0	0	0	0	0	0	0	0	9	15	0	0	0	1	0	0
input/resources/OperationDefinition--s-apply.json	1017	2	0	0	0	0	0	0	0	5	0	0	0	0	0	0	0	0	0	0	10	18	0	0	0	0	0	0
input/resources/OperationDefinition--s-create-episode-of-care.json	2836	2	0	0	0	0	0	0	0	4	0	0	0	0	0	0	0	0	0	0	13	17	0	0	0	0	0	0
input/resources/OperationDefinition--s-execute-careplan-and-episode-of-care-stats.json	1999	1	0	0	0	0	0	0	0	3	0	0	0	0	0	0	0	0	0	0	11	18	0	0	0	0	0	0
input/resources/OperationDefinition--s-execute-careplan-customization-stats.json	3109	2	0	0	0	0	0	0	0	4	0	0	0	0	0	0	0	0	0	0	13	17	0	0	0	1	0	0
input/resources/OperationDefinition--s-execute-careplan-duration-stats.json	6475	2	0	0	0	0	0	0	0	3	0	0	0	0	0	0	0	0	0	0	17	18	0	0	0	0	0	0
input/resources/OperationDefinition--s-execute-careplans-by-patient.json	7993	1	0	0	0	0	0	0	1	3	0	0	0	0	0	0	0	0	0	0	19	17	0	0	0	0	0	0
input/resources/OperationDefinition--s-execute-careteam-stats.json	2907	2	0	0	1	0	0	0	0	4	0	0	0	0	0	0	0	0	0	0	12	17	0	0	0	1	0	0
input/resources/OperationDefinition--s-execute-measurement-stats.json	3283	2	0	0	0	0	0	0	0	3	0	0	0	0	0	0	0	0	0	0	13	17	0	0	0	0	0	0
input/resources/OperationDefinition--s-execute-patient-devices.json	9144	2	0	0	0	0	0	0	0	4	0	0	0	0	0	0	0	0	0	0	20	18	0	0	0	0	0	0
input/resources/OperationDefinition--s-execute-patient-gdpr.json	35962	1	0	0	1	0	0	0	0	4	0	0	0	0	0	0	0	0	0	0	52	20	0	0	0	2	0	0
input/resources/OperationDefinition--s-execute-patient-total.json	30037	2	0	0	0	0	0	0	0	4	0	0	0	0	0	0	0	0	0	0	44	19	0	0	0	1	0	0
input/resources/OperationDefinition--s-execute-patient-usage-stats.json	7301	2	0	0	1	0	0	0	0	4	0	0	0	0	0	0	0	0	0	0	17	19	0	0	0	0	0	0
input/resources/OperationDefinition--s-execute-practitioner-gdpr.json	3664	2	0	0	0	0	0	0	0	4	0	0	0	0	0	0	0	0	0	0	14	14	0	0	0	0	0	0
input/resources/OperationDefinition--s-execute-practitioner-stats.json	10653	1	0	0	0	0	0	0	0	3	0	0	0	0	0	0	0	0	0	0	21	10	0	0	0	1	0	0
input/resources/OperationDefinition--s-execute-questionnaireresponses.json	19095	2	0	0	0	0	0	0	1	4	0	0	0	0	0	0	0	0	0	0	33	9	0	0	0	1	0	0
input/resources/OperationDefinition--s-execute-ssl-orders.json	3304	2	0	0	1	0	0	0	0	4	0	0	0	0	0	0	0	0	0	0	13	9	0	0	0	0	0	0
input/resources/OperationDefinition--s-fetch-careplan-and-episode-of-care-stats.json	2029	2	0	0	0	0	0	0	0	6	0	0	0	0	0	0	0	0	0	0	11	9	0	0	0	0	0	0
input/resources/OperationDefinition--s-fetch-careplan-customization-stats.json	3099	1	0	0	0	0	0	0	0	4	0	0	0	0	0	0	0	0	0	0	12	8	0	0	0	0	0	0
input/resources/OperationDefinition--s-fetch-careplan-duration-stats.json	6465	2	0	0	0	0	0	0	0	3	0	0	0	0	0	0	0	0	0	0	17	9	0	0	0	1	0	0
input/resources/OperationDefinition--s-fetch-careplans-by-patient.json	7983	2	0	0	0	0	0	0	0	3	0	0	0	0	0	0	0	0	0	0	19	17	0	0	0	0	0	0
input/resources/OperationDefinition--s-fetch-careteam-stats.json	2897	2	0	0	0	0	0	0	0	4	0	0	0	0	0	0	0	0	0	0	12	10	0	0	0	0	0	0
input/resources/OperationDefinition--s-fetch-measurement-stats.json	3273	1	0	0	0	0	0	0	1	3	0	0	0	0	0	0	0	0	0	0	13	14	0	0	0	1	0	0
input/resources/OperationDefinition--s-fetch-patient-devices.json	9134	2	0	0	1	0	0	0	0	4	0	0	0	0	0	0	0	0	0	0	23	18	0	0	0	0	0	0
input/resources/OperationDefinition--s-fetch-patient-gdpr.json	35952	2	0	0	0	0	0	0	0	39	0	0	0	0	0	0	0	0	0	0	51	20	0	0	0	1	0	0
input/resources/OperationDefinition--s-fetch-patient-total.json	30027	2	0	0	1	0	0	0	0	7	0	0	0	0	0	0	0	0	0	0	45	11	0	0	0	1	0	0
input/resources/OperationDefinition--s-fetch-patient-usage-stats.json	7291	4	0	0	0	0	0	0	0	6	0	0	0	0	0	0	0	0	0	0	18	9	0	0	0	1	0	0
input/resources/OperationDefinition--s-fetch-practitioner-gdpr.json	3654	3	0	0	0	0	0	0	0	5	0	0	0	0	0	0	0	1	0	0	13	9	0	0	0	0	0	0
input/resources/OperationDefinition--s-fetch-practitioner-stats.json	10643	3	0	0	1	0	0	0	0	3	0	0	0	0	0	0	0	0	0	0	22	9	0	0	0	0	0	0
input/resources/OperationDefinition--s-fetch-questionnaireresponses.json	19085	2	0	0	0	0	0	0	0	4	0	0	0	0	0	0	0	0	0	0	32	11	0	0	0	1	0	0
input/resources/OperationDefinition--s-fetch-ssl-orders.json	3294	1	0	0	0	0	0	0	1	4	0	0	0	0	0	0	0	0	0	0	13	8	0	0	0	1	0	0
input/resources/OperationDefinition--s-get-patient-procedures.json	7293	2	0	0	0	0	0	0	0	3	0	0	0	0	0	0	0	0	0	0	18	9	0	0	0	0	0	0
input/resources/OperationDefinition--s-get-report-job-status.json	2826	2	0	0	1	0	0	0	0	3	0	0	0	0	0	0	0	0	0	0	12	8	0	0	0	0	0	0
input/resources/OperationDefinition--s-import-organizations.json	728	1	0	0	0	0	0	0	0	3	0	0	0	0	0	0	0	0	0	0	9	9	0	0	0	0	0	0
input/resources/OperationDefinition--s-import.json	790	2	0	0	0	0	0	0	0	4	0	0	0	0	0	0	0	0	0	0	10	8	0	0	0	1	0	0
input/resources/OperationDefinition--s-persist-login.json	1701	2	0	0	0	0	0	0	0	3	0	0	0	0	0	0	0	0	0	0	10	9	0	0	0	0	0	0
input/resources/OperationDefinition--s-schedule-careplan-and-episode-of-care-stats.json	2004	2	0	0	0	0	0	0	0	3	0	0	0	0	0	0	0	0	0	0	11	9	0	0	0	0	0	0
input/resources/OperationDefinition--s-schedule-careplan-customization-stats.json	3114	1	0	0	0	0	0	0	0	4	0	0	0	0	0	0	0	0	0	0	13	8	0	0	0	0	0	0
input/resources/OperationDefinition--s-schedule-careplan-duration-stats.json	6480	2	0	0	0	0	1	0	0	3	0	0	0	0	0	0	0	0	0	0	17	9	0	0	0	0	0	1
input/resources/OperationDefinition--s-schedule-careplans-by-patient.json	7998	2	0	0	1	0	0	0	1	3	0	0	0	0	0	0	0	0	0	0	18	9	0	0	0	1	0	0
input/resources/OperationDefinition--s-schedule-careteam-stats.json	2912	1	0	0	0	0	0	0	0	4	0	0	0	0	0	0	0	0	0	0	12	8	0	0	0	0	0	0
input/resources/OperationDefinition--s-schedule-measurement-stats.json	3288	2	0	0	0	0	0	0	0	3	0	0	0	0	0	0	0	0	0	0	13	8	0	0	0	0	0	0
input/resources/OperationDefinition--s-schedule-patient-devices.json	9149	2	0	0	0	0	0	0	0	6	0	0	0	0	0	0	0	0	0	0	20	9	0	0	0	1	0	0
input/resources/OperationDefinition--s-schedule-patient-gdpr.json	35968	2	0	0	1	0	0	0	0	5	0	0	0	0	0	0	0	0	0	0	52	11	0	0	0	1	0	0
input/resources/OperationDefinition--s-schedule-patient-total.json	30042	2	0	0	1	0	0	0	0	4	0	0	0	0	0	0	0	0	0	0	44	24	0	0	0	1	0	0
input/resources/OperationDefinition--s-schedule-patient-usage-stats.json	7302	1	0	0	0	0	0	0	0	3	0	0	0	0	0	0	0	0	0	0	17	13	0	0	0	1	0	0
input/resources/OperationDefinition--s-schedule-practitioner-gdpr.json	3669	2	0	0	0	0	0	0	0	5	0	0	0	0	0	0	0	0	0	0	13	9	0	0	0	0	0	0
input/resources/OperationDefinition--s-schedule-practitioner-stats.json	10658	2	0	0	0	0	0	0	1	6	0	0	0	0	0	0	0	0	0	0	22	9	0	0	0	0	0	0
input/resources/OperationDefinition--s-schedule-questionnaireresponses.json	19100	2	0	0	1	0	0	0	0	6	0	0	0	0	0	0	0	0	0	0	32	10	0	0	0	1	0	0
input/resources/OperationDefinition--s-schedule-ssl-orders.json	3309	1	0	0	0	0	0	0	0	3	0	0	0	0	0	0	0	0	0	0	13	8	0	0	0	1	0	0
input/resources/OperationDefinition--s-search-measurements-bundle-limit.json	6834	2	0	0	0	0	0	0	0	6	0	0	0	0	0	0	0	0	0	0	22	9	0	0	0	0	0	0
input/resources/OperationDefinition--s-search-measurements.json	3857	2	0	0	0	0	0	0	0	4	0	0	0	0	0	0	0	0	0	0	15	10	0	0	0	0	0	0
input/resources/OperationDefinition--s-submit-measurement.json	2678	2	0	0	1	0	0	0	0	3	0	0	0	0	0	0	0	0	0	0	11	8	0	0	0	1	0	0
input/resources/OperationDefinition--s-transform-from-APD.json	1174	1	0	0	0	1	0	0	0	3	0	0	0	0	0	0	0	0	0	0	10	9	0	0	0	0	0	0
input/resources/OperationDefinition--s-transform-from-PHMR.json	1168	2	0	0	0	0	0	0	1	8	0	0	0	0	0	0	0	0	0	0	10	9	0	0	0	0	0	0
input/resources/OperationDefinition--s-transform-from-QFDD.json	1024	2	0	0	0	0	0	0	0	3	0	0	0	0	0	0	0	0	0	0	10	8	0	0	0	0	0	0
input/resources/OperationDefinition--s-transform-from-QRD-based-on-questionnaire.json	1253	1	0	0	0	0	0	0	0	3	0	0	0	0	0	0	0	0	0	0	10	9	0	0	0	0	0	0
input/resources/OperationDefinition--s-transform-from-QRD.json	1132	2	0	0	0	0	0	0	0	4	0	0	0	0	0	0	0	0	0	0	10	8	0	0	0	0	0	0
input/resources/OperationDefinition--s-transform-to-APD.json	1117	2	0	0	0	0	0	0	0	3	0	0	0	0	0	0	0	0	0	0	10	9	0	0	0	1	0	0
input/resources/OperationDefinition--s-transform-to-PHMR.json	1161	2	0	0	1	0	0	0	0	3	0	0	0	0	0	0	0	0	0	0	10	8	0	0	0	0	0	0
input/resources/OperationDefinition--s-transform-to-QFDD.json	1233	1	0	0	0	0	0	0	0	3	0	0	0	0	0	0	0	0	0	0	10	11	0	0	0	0	0	0
input/resources/OperationDefinition--s-transform-to-QRD.json	1214	2	0	0	0	0	0	0	1	6	0	0	0	1	0	0	0	0	0	0	10	10	0	0	0	0	0	0
input/resources/OperationDefinition--s-upload-QFDD.json	1170	2	0	0	0	0	0	0	0	4	0	0	0	0	0	0	0	0	0	0	10	8	0	0	0	0	0	0
input/resources/OperationDefinition--s-upload-external-code-system.json	941	1	0	0	0	0	0	0	0	3	0	0	0	0	0	0	0	0	0	0	10	9	0	0	0	0	0	0
input/resources/OperationDefinition-ActivityDefinitionPlanDefinition-i-create-clone.json	1910	2	0	0	0	0	0	0	0	4	0	0	0	0	0	0	0	0	0	0	11	9	0	0	0	1	0	0
input/resources/OperationDefinition-Binary-t-retrieve-document.json	2128	2	0	0	0	0	0	0	0	4	0	0	0	0	0	0	0	0	0	0	11	9	0	0	0	0	0	0
input/resources/OperationDefinition-Bundle-t-retrieve-and-transform-APD.json	2458	2	0	0	1	0	0	0	0	3	0	0	0	0	0	0	0	0	0	0	12	9	0	0	0	0	0	0
input/resources/OperationDefinition-Bundle-t-retrieve-and-transform-PHMR.json	2620	1	0	0	0	0	0	0	0	3	0	0	0	0	0	0	0	0	0	0	12	9	0	0	0	0	0	0
input/resources/OperationDefinition-Bundle-t-retrieve-and-transform-QRD.json	3191	2	0	0	0	0	0	0	0	4	0	0	0	0	0	0	0	0	0	0	13	9	0	0	0	0	0	0
input/resources/OperationDefinition-CarePlan-i-suggest-care-teams.json	1235	2	0	0	0	0	0	0	1	3	0	0	0	0	0	0	0	0	0	0	10	8	0	0	0	1	0	0
input/resources/OperationDefinition-CarePlanEpisodeOfCare-i-update-care-teams.json	1114	1	0	0	0	0	0	0	0	3	0	0	0	0	0	0	0	0	0	0	11	9	0	0	0	0	0	0
input/resources/OperationDefinition-ClinicalImpression-t-set-measurement-validity.json	3080	2	0	0	0	0	0	0	0	4	0	0	0	0	0	0	0	0	0	0	12	8	0	0	0	0	0	0
input/resources/OperationDefinition-DocumentReference-t-deprecate-document.json	1357	2	0	0	0	0	0	0	0	3	0	0	0	0	0	0	0	0	0	0	10	9	0	0	0	0	0	0
input/resources/OperationDefinition-EpisodeOfCare-i-is-context-allowed.json	1526	1	0	0	1	0	0	0	0	3	0	0	0	0	0	0	0	0	0	0	11	8	0	0	0	0	0	0
input/resources/OperationDefinition-Library-it-evaluate.json	1370	2	0	0	0	0	0	0	0	3	0	0	0	0	0	0	0	0	0	0	10	9	0	0	0	1	0	0
input/resources/OperationDefinition-Media-t-get-data.json	1080	2	0	0	0	0	0	0	0	4	0	0	0	0	0	0	0	0	0	0	10	9	0	0	0	0	0	0
input/resources/OperationDefinition-Organization-i-traverse-to-sor.json	732	1	0	0	0	0	0	0	0	3	0	0	0	0	0	0	0	0	0	0	9	8	0	0	0	0	0	0
input/resources/OperationDefinition-Organization-t-get-general-practitioner-info.json	2014	2	0	0	0	0	0	0	0	4	0	0	0	0	0	0	0	0	0	0	11	9	0	0	0	0	0	0
input/resources/OperationDefinition-PlanDefinition-i-apply.json	966	2	0	0	0	0	0	0	0	3	0	0	0	0	0	0	0	0	0	0	10	8	0	0	0	0	0	0
input/resources/OperationDefinition-PlanDefinition-i-export.json	1159	1	0	0	0	0	0	0	0	3	0	0	0	0	0	0	0	0	0	0	10	9	0	0	0	0	0	0
input/resources/OperationDefinition-PlanDefinition-t-import.json	1101	2	0	0	0	0	0	0	1	4	0	0	0	0	0	0	0	0	0	0	10	8	0	0	0	1	0	0
input/resources/OperationDefinition-Questionnaire-i-create-clone.json	1298	2	0	0	0	0	0	0	0	3	0	0	0	0	0	0	0	0	0	0	10	9	0	0	0	0	0	0
input/resources/OperationDefinition-ehealth-appointment-toical.json	914	1	0	0	1	0	0	0	0	3	0	0	0	0	0	0	0	0	0	0	10	8	0	0	0	0	0	0
input/resources/OperationDefinition-ehealth-patient-create.json	2094	2	0	0	0	0	0	0	0	4	0	0	0	0	0	0	0	0	0	0	11	9	0	0	0	0	0	0
input/resources/OperationDefinition-ehealth-patient-skrs-update.json	1124	2	0	0	0	0	0	0	0	4	0	0	0	0	0	0	0	0	0	0	9	8	0	0	0	0	0	0
input/resources/OperationDefinition-ehealth-person-match.json	2594	2	0	0	0	0	0	0	0	4	0	0	0	0	0	0	0	0	0	0	13	9	0	0	0	1	0	0
input/resources/SearchParameter-ehealth-appointment-search-careteam-participant.json	651	1	0	0	0	0	0	0	0	5	0	0	0	0	0	0	0	0	0	0	9	9	0	0	0	0	0	0
input/resources/SearchParameter-ehealth-appointment-search-groupId.json	589	3	0	0	0	0	0	0	0	3	0	0	0	0	0	0	0	0	0	0	10	8	0	0	0	0	0	0
input/resources/SearchParameter-ehealth-appointment-search-intended-audience.json	623	2	0	0	0	0	0	0	0	4	0	0	0	0	0	0	0	0	0	0	10	8	0	0	0	0	0	0
input/resources/SearchParameter-ehealth-appointment-search-responsible.json	595	2	0	0	0	0	0	0	0	3	0	0	0	0	0	0	0	0	0	0	10	8	0	0	0	0	0	0
input/resources/SearchParameter-ehealth-communication-search-about.json	535	2	0	0	0	0	0	0	0	3	0	0	0	0	0	0	0	0	0	0	9	7	0	0	0	0	0	0
input/resources/SearchParameter-ehealth-communication-search-administrativeStatus.json	656	1	0	0	0	0	0	0	0	4	0	0	0	0	0	0	0	0	0	1	10	8	0	0	0	1	0	0
input/resources/SearchParameter-ehealth-communication-search-careTeamRecipient.json	655	2	0	0	0	0	0	0	0	3	0	0	0	0	0	0	0	0	0	0	10	8	0	0	0	0	0	0
input/resources/SearchParameter-ehealth-communication-search-careTeamSender.json	637	1	0	0	1	0	0	0	0	3	0	0	0	0	0	0	0	0	0	0	10	8	0	0	0	0	0	0
input/resources/SearchParameter-ehealth-communication-search-communicationCategory.json	565	2	0	0	0	0	0	0	1	4	0	0	0	0	0	0	0	0	0	0	9	8	0	0	0	0	0	0
input/resources/SearchParameter-ehealth-communication-search-episodeOfCare.json	606	2	0	0	0	0	0	0	0	4	0	0	0	0	0	0	0	0	0	0	10	8	0	0	0	0	0	0
input/resources/SearchParameter-ehealth-communication-search-groupId.json	601	1	0	0	0	0	0	0	0	3	0	0	0	0	0	0	0	0	0	0	9	8	0	0	0	0	0	0
input/resources/SearchParameter-ehealth-communication-search-on-behalf-of.json	610	2	0	0	0	0	0	0	0	3	0	0	0	0	0	0	0	0	0	0	10	7	0	0	0	1	0	0
input/resources/SearchParameter-ehealth-communication-search-participant.json	848	2	0	0	0	0	0	0	0	4	0	0	0	0	0	0	0	0	0	0	10	8	0	0	0	0	0	0
input/resources/SearchParameter-ehealth-communication-search-period.json	569	1	0	0	0	0	0	0	0	3	0	0	0	0	0	0	0	0	0	0	10	8	0	0	0	0	0	0
input/resources/SearchParameter-ehealth-communication-search-relates-to.json	946	2	0	0	0	0	0	0	0	4	0	0	0	0	0	0	0	0	0	0	10	8	0	0	0	0	0	0
input/resources/SearchParameter-ehealth-communication-search-restrictionCategory.json	650	1	0	0	0	0	0	0	0	3	0	0	0	0	0	0	0	0	0	0	10	7	0	0	0	0	0	0
input/resources/SearchParameter-ehealth-communication-search-threadId.json	585	2	0	0	0	0	0	0	0	3	0	0	0	0	0	0	0	0	0	0	9	8	0	0	0	0	0	1
input/resources/SearchParameter-ehealth-patient-search-cpridentifier-unique.json	939	2	0	0	0	0	0	0	0	4	0	0	0	0	0	0	0	0	0	0	10	8	0	0	0	1	0	0
input/resources/SearchParameter-ehealth-patient-search-cpridentifier.json	562	1	0	0	1	0	0	0	0	3	0	0	0	0	0	0	0	0	0	0	10	8	0	0	0	0	0	0
input/resources/ValueSet-ehealth-action-guidance-for-types.json	1279	2	0	0	0	0	0	0	0	647	0	0	0	0	0	0	0	0	0	0	9	796	0	0	0	0	0	0
input/resources/ValueSet-ehealth-action-guidance-types.json	722	2	0	0	0	0	0	0	0	3	0	0	0	0	0	0	0	0	0	0	8	21	0	0	0	0	0	0
input/resources/ValueSet-ehealth-action.json	656	1	0	0	0	0	0	0	0	3	0	0	0	0	0	0	0	0	0	0	9	22	0	0	0	0	0	0
input/resources/ValueSet-ehealth-activitydefinition-code.json	1939	2	0	0	0	0	0	0	0	1031	0	0	0	0	0	0	0	0	0	0	17	2930	0	0	0	1	0	0
input/resources/ValueSet-ehealth-administrative-status.json	715	2	0	0	0	0	0	0	1	4	0	0	0	0	0	0	0	0	0	0	8	27	0	0	0	0	0	0
input/resources/ValueSet-ehealth-appointment-reason.json	705	1	0	0	0	0	0	0	0	3	0	0	0	0	0	0	0	1	0	0	8	18	0	0	0	0	0	0
input/resources/ValueSet-ehealth-appointment-servicetype.json	737	2	0	0	0	0	0	0	0	4	0	0	0	0	0	0	0	0	0	0	13	24	0	0	0	0	0	0
input/resources/ValueSet-ehealth-appointmenttype-codes.json	535	2	0	0	0	0	0	0	0	4	0	0	0	0	0	0	0	0	0	0	9	24	0	0	0	0	0	0
input/resources/ValueSet-ehealth-basic-resource-type.json	710	1	0	0	0	0	0	0	0	3	0	0	0	0	0	0	0	0	0	0	9	20	0	0	0	0	0	0
input/resources/ValueSet-ehealth-body-site.json	675	2	0	0	0	0	0	0	0	4	0	0	0	0	0	0	0	0	0	0	8	1037	0	0	0	0	0	0
input/resources/ValueSet-ehealth-careplan-category.json	700	2	0	0	0	0	0	0	0	3	0	0	0	0	0	0	0	0	0	0	8	22	0	0	0	0	0	0
input/resources/ValueSet-ehealth-careteam-category.json	801	1	0	0	0	0	0	0	0	3	0	0	0	0	0	0	0	0	0	0	9	22	0	0	0	0	0	0
input/resources/ValueSet-ehealth-careteam-participant-role.json	748	2	0	0	0	0	0	0	0	4	0	0	0	0	0	0	0	0	0	0	8	40	0	0	0	0	0	0
input/resources/ValueSet-ehealth-clinicalimpression-codes.json	757	2	0	0	0	0	0	0	0	4	0	0	0	0	0	0	0	0	0	0	9	26	0	0	0	1	0	0
input/resources/ValueSet-ehealth-clinicalimpression-decision-codes.json	809	1	0	0	0	0	0	0	0	3	0	0	0	0	0	0	0	0	0	0	8	23	0	0	0	0	0	0
input/resources/ValueSet-ehealth-clinicalimpression-finding-codes.json	5707	2	0	0	1	0	0	0	0	1027	0	0	0	0	0	0	0	0	0	0	19	3528	0	0	0	0	0	0
input/resources/ValueSet-ehealth-clinicalimpression-investigation-item-codes.json	1016	2	0	0	0	0	0	0	0	1007	0	0	0	0	0	0	0	0	0	0	10	1143	0	0	0	0	0	0
input/resources/ValueSet-ehealth-communication-category.json	730	1	0	0	0	0	0	0	0	4	0	0	0	0	0	0	0	0	0	0	8	24	0	0	0	0	0	0
input/resources/ValueSet-ehealth-condition-conditions.json	551	2	0	0	0	0	0	0	1	3	0	0	0	0	0	0	0	0	0	0	9	68	0	0	0	0	0	0
input/resources/ValueSet-ehealth-conditions.json	4458	2	0	0	0	0	0	0	0	7	0	0	0	0	0	0	0	0	0	0	19	109	0	0	0	1	0	0
input/resources/ValueSet-ehealth-consent-category.json	708	2	0	0	0	0	0	0	0	3	0	0	0	0	0	0	0	0	0	0	9	21	0	0	0	0	0	0
input/resources/ValueSet-ehealth-contactpoint-custodian.json	852	1	0	0	0	0	0	0	0	3	0	0	0	0	0	0	0	0	0	0	8	23	0	0	0	0	0	0
input/resources/ValueSet-ehealth-contactpoint-system.json	983	2	0	0	0	0	0	0	0	4	0	0	0	0	0	0	0	0	0	0	9	143	0	0	0	0	0	0
input/resources/ValueSet-ehealth-data-absent-reason.json	1200	2	0	0	0	0	0	0	0	415	0	0	0	0	0	0	0	0	0	0	9	437	0	0	0	0	0	0
input/resources/ValueSet-ehealth-designation-use.json	761	1	0	0	0	0	0	0	0	4	0	0	0	0	0	0	0	0	0	0	9	18	0	0	0	0	0	0
input/resources/ValueSet-ehealth-device-calibration-actor.json	760	2	0	0	0	0	0	0	0	4	0	0	0	0	0	0	0	0	0	0	8	28	0	0	0	0	0	0
input/resources/ValueSet-ehealth-device-calibration-period.json	767	2	0	0	0	0	0	0	0	3	0	0	0	0	0	0	0	0	0	0	9	30	0	0	0	1	0	0
input/resources/ValueSet-ehealth-device-calibration-type.json	744	1	0	0	0	0	0	0	0	6	0	0	0	0	0	0	0	0	0	0	8	20	0	1	0	0	0	0
input/resources/ValueSet-ehealth-device-measurement-unit.json	1966	2	0	0	0	0	0	0	0	4	0	0	0	0	0	0	0	0	0	0	11	21	0	0	0	0	0	0
input/resources/ValueSet-ehealth-device-measuring-quality.json	751	2	0	0	1	0	0	0	0	4	0	0	0	0	0	0	0	0	0	0	9	34	0	0	0	0	0	0
input/resources/ValueSet-ehealth-device-safety.json	705	1	0	0	0	0	0	0	1	3	0	0	0	0	0	0	0	0	0	0	8	18	0	0	0	0	0	0
input/resources/ValueSet-ehealth-device-service-types.json	726	2	0	0	0	0	0	0	0	3	0	0	0	0	0	0	0	0	0	0	9	26	0	0	0	0	0	0
input/resources/ValueSet-ehealth-device-supplier-roles.json	733	2	0	0	0	0	0	0	0	4	0	0	0	0	0	0	0	0	0	0	9	19	0	0	0	0	0	0
input/resources/ValueSet-ehealth-device-types.json	1161	1	0	0	0	0	0	0	0	1006	0	0	0	0	0	0	0	0	0	0	9	1042	0	0	0	0	0	0
input/resources/ValueSet-ehealth-device-use-reason.json	709	2	0	0	0	0	0	0	0	4	0	0	0	0	0	0	0	0	0	0	9	21	0	0	0	0	0	0
input/resources/ValueSet-ehealth-devicemetric-property-types.json	768	2	0	0	0	0	0	0	0	3	0	0	0	0	0	0	0	0	0	0	8	21	0	0	0	1	0	0
input/resources/ValueSet-ehealth-devicemetric-quality-types.json	764	1	0	0	0	0	0	0	0	3	0	0	0	0	0	0	0	0	0	0	9	20	0	0	0	0	0	0
input/resources/ValueSet-ehealth-document-category.json	713	2	0	0	0	0	0	0	0	3	0	0	0	0	0	0	0	0	0	0	8	18	0	0	0	0	0	0
input/resources/ValueSet-ehealth-document-class.json	1070	2	0	0	0	0	0	0	0	1004	0	0	0	0	0	0	0	0	0	0	9	1171	0	0	0	0	0	0
input/resources/ValueSet-ehealth-document-reference-type.json	1111	1	0	0	0	0	0	0	0	402	0	0	0	0	0	0	0	0	0	0	10	418	0	0	0	0	0	0
input/resources/ValueSet-ehealth-document-sharing-state.json	721	2	0	0	0	0	0	0	0	3	0	0	0	0	0	0	0	0	0	0	8	41	0	0	0	0	0	0
input/resources/ValueSet-ehealth-document-type.json	1315	2	0	0	1	0	0	0	0	406	0	0	0	0	0	0	0	0	0	0	9	943	0	0	0	0	0	0
input/resources/ValueSet-ehealth-ehealth-provenance-policies.json	762	1	0	0	0	0	0	0	0	3	0	0	0	0	0	0	0	0	0	0	9	27	0	0	0	0	0	0
input/resources/ValueSet-ehealth-ehealth-ucum-printsymbol-supplement.json	794	2	0	0	0	0	0	0	0	3	0	0	0	0	0	0	0	0	0	0	9	36	0	0	0	0	0	0
input/resources/ValueSet-ehealth-ehealth-usage-context-type.json	3989	2	0	0	0	0	0	0	0	4	0	0	0	0	0	0	0	0	0	0	13	60	0	0	0	1	0	0
input/resources/ValueSet-ehealth-event-type-codes.json	750	1	0	0	0	0	0	0	0	4	0	0	0	0	0	0	0	0	0	0	8	50	0	0	0	0	0	0
input/resources/ValueSet-ehealth-facility-type-codes.json	20828	3	0	0	0	0	0	0	2	1051	0	0	0	0	0	0	0	0	0	0	39	1705	0	0	0	1	0	0
input/resources/ValueSet-ehealth-format-codes.json	726	1	0	0	0	0	0	0	0	4	0	0	0	0	0	0	0	0	0	0	9	36	0	0	0	0	0	0
input/resources/ValueSet-ehealth-fs3-health.json	1744	2	0	0	0	0	0	0	0	3	0	0	0	0	0	0	0	0	0	0	12	71	0	0	0	0	0	0
input/resources/ValueSet-ehealth-goal-description.json	729	2	0	0	0	0	0	0	0	3	0	0	0	0	0	0	0	0	0	0	8	24	0	0	0	0	0	0
input/resources/ValueSet-ehealth-goal-target-measure.json	760	3	0	0	0	0	0	0	0	3	0	0	0	0	0	0	0	0	0	0	9	60	0	0	0	0	0	0
input/resources/ValueSet-ehealth-health-conditions.json	819	2	0	0	1	0	0	0	0	4	0	0	0	0	0	0	0	0	0	0	10	22	0	0	0	1	0	0
input/resources/ValueSet-ehealth-itcompetencelevel-codes.json	1357	2	0	0	0	0	0	0	0	4	0	0	0	0	0	0	0	0	0	0	11	37	0	0	0	0	0	0
input/resources/ValueSet-ehealth-jurisdiction.json	644	1	0	0	0	0	0	0	0	3	0	0	0	0	0	0	0	0	0	0	8	19	0	0	0	0	0	0
input/resources/ValueSet-ehealth-library-type.json	818	2	0	0	0	0	0	0	0	4	0	0	0	0	0	0	0	0	0	0	9	22	0	0	0	0	0	0
input/resources/ValueSet-ehealth-material-assignment-participant-function.json	920	2	0	0	0	0	0	0	0	3	0	0	0	0	0	0	0	0	0	0	9	18	0	0	0	0	0	0
input/resources/ValueSet-ehealth-material-communication-category.json	750	1	0	0	0	0	0	0	0	4	0	0	0	0	0	0	0	0	0	0	9	18	0	0	0	0	0	0
input/resources/ValueSet-ehealth-material-registration-participant-function.json	1006	2	0	0	0	0	0	0	0	3	0	0	0	0	0	0	0	0	0	0	9	20	0	0	0	0	0	0
input/resources/ValueSet-ehealth-measurement-sharing-policies.json	804	2	0	0	0	0	0	0	0	3	0	0	0	0	0	0	0	0	0	0	9	22	0	0	0	0	0	0
input/resources/ValueSet-ehealth-media-codes.json	991	1	0	0	0	0	0	0	0	999	0	0	0	0	0	0	0	0	0	0	9	771	0	0	0	0	0	0
input/resources/ValueSet-ehealth-media-modality.json	844	2	0	0	0	0	0	0	0	4	0	0	0	0	0	0	0	0	0	0	9	469	0	0	0	1	0	1
input/resources/ValueSet-ehealth-media-view.json	820	2	0	0	1	0	0	0	1	4	0	0	0	0	0	0	0	0	0	0	8	1056	0	0	0	0	0	0
input/resources/ValueSet-ehealth-message-category.json	970	1	0	0	0	0	0	0	0	3	0	0	0	0	0	0	0	0	0	0	10	22	0	0	0	0	0	0
input/resources/ValueSet-ehealth-message-medium.json	848	2	0	0	0	0	0	0	0	4	0	0	0	0	0	0	0	0	0	0	8	20	0	0	0	0	0	0
input/resources/ValueSet-ehealth-message-reasonCode.json	771	2	0	0	0	0	0	0	0	3	0	0	0	0	0	0	0	0	0	0	9	49	0	0	0	0	0	0
input/resources/ValueSet-ehealth-modifier-role.json	711	1	0	0	0	0	0	0	0	3	0	0	0	0	0	0	0	0	0	0	9	20	0	0	0	0	0	0
input/resources/ValueSet-ehealth-observation-codes.json	7123	2	0	0	0	0	0	0	0	414	0	0	1	0	0	0	0	0	0	0	33	63	0	0	0	1	0	0
input/resources/ValueSet-ehealth-observation-method.json	946	2	0	0	0	0	0	0	0	4	0	0	0	0	0	0	0	0	0	0	9	19	0	0	0	0	0	0
input/resources/ValueSet-ehealth-oio-bpp-roles.json	694	2	0	0	0	0	0	0	0	3	0	0	0	0	0	0	0	0	0	0	9	51	0	0	0	0	0	0
input/resources/ValueSet-ehealth-oio-organization-type.json	909	1	0	0	0	0	0	0	0	3	0	0	0	0	0	0	0	0	0	0	8	18	0	0	0	0	0	0
input/resources/ValueSet-ehealth-organization-relation-type.json	775	2	0	0	1	0	0	0	0	3	0	0	0	0	0	0	0	0	0	0	9	17	0	0	0	0	0	0
input/resources/ValueSet-ehealth-organization-source.json	865	2	0	0	0	0	0	0	0	4	0	0	0	0	0	0	0	0	0	0	8	17	0	0	0	1	0	0
input/resources/ValueSet-ehealth-organization-specialty.json	935	1	0	0	0	0	0	0	1	3	0	0	0	0	0	0	0	0	0	0	9	1473	0	0	0	0	0	0
input/resources/ValueSet-ehealth-organization-synchronization-status.json	960	2	0	0	0	0	0	0	0	3	0	0	0	0	0	0	0	0	0	0	8	19	0	0	0	0	0	0
input/resources/ValueSet-ehealth-organization-type.json	1049	2	0	0	0	0	0	0	0	3	0	0	0	0	0	0	0	0	0	0	9	1277	0	0	0	0	0	0
input/resources/ValueSet-ehealth-overviewUsageMode.json	750	1	0	0	0	0	0	0	0	4	0	0	0	0	0	0	0	0	0	0	9	24	0	0	0	0	0	0
input/resources/ValueSet-ehealth-participant-function.json	714	2	0	0	0	0	0	0	0	3	0	0	0	0	0	0	0	0	0	0	9	20	0	0	0	0	0	0
input/resources/ValueSet-ehealth-plandefinition-recommendation.json	792	2	0	0	0	0	0	0	0	3	0	0	0	0	0	0	0	0	0	0	8	25	0	0	0	0	0	0
input/resources/ValueSet-ehealth-practice-setting-codes.json	796	1	0	0	0	0	0	0	0	3	0	0	0	0	0	0	0	0	0	0	9	937	0	1	0	0	0	0
input/resources/ValueSet-ehealth-priority.json	656	2	0	0	1	0	0	0	0	3	0	0	0	0	0	0	0	0	0	0	8	23	0	0	0	0	0	0
input/resources/ValueSet-ehealth-program.json	811	2	0	0	0	0	0	0	0	3	0	0	0	0	0	0	0	0	0	0	9	21	0	0	0	0	0	0
input/resources/ValueSet-ehealth-property.json	742	1	0	0	0	0	0	0	0	4	0	0	0	0	0	0	0	0	0	0	8	18	0	0	0	0	0	0
input/resources/ValueSet-ehealth-quality-types.json	738	2	0	0	0	0	0	0	0	3	0	0	0	0	0	0	0	0	0	0	8	25	0	0	0	1	0	0
input/resources/ValueSet-ehealth-questionnaire-elements.json	771	2	0	0	0	0	0	0	0	3	0	0	0	0	0	0	0	0	0	0	9	22	0	0	0	0	0	0
input/resources/ValueSet-ehealth-questionnaire-item-control.json	1157	2	0	0	0	0	0	0	0	5	0	0	0	0	0	0	0	0	0	0	12	24	0	0	0	0	0	0
input/resources/ValueSet-ehealth-questionnaire-item-image-format.json	1489	1	0	0	0	0	0	0	0	421	0	0	0	0	0	0	0	0	0	0	10	435	0	0	0	0	0	0
input/resources/ValueSet-ehealth-questionnaire-item-significance-indicator.json	846	2	0	0	0	0	0	0	0	4	0	0	0	0	0	0	0	0	0	0	8	20	0	0	0	0	0	0
input/resources/ValueSet-ehealth-questionnaire-recommendation.json	784	2	0	0	0	0	0	0	0	3	0	0	0	0	0	0	0	0	0	0	9	28	0	0	0	0	0	0
input/resources/ValueSet-ehealth-questionnaire-types.json	935	1	0	0	1	0	0	0	1	1011	0	0	0	0	0	0	0	0	0	0	9	1157	0	0	0	0	0	0
input/resources/ValueSet-ehealth-reference-range-type.json	1283	2	0	0	0	0	0	0	0	5	0	0	0	0	0	0	0	0	0	0	11	70	0	0	0	0	0	0
input/resources/ValueSet-ehealth-regional-subdivision-codes.json	515	2	0	0	0	0	0	0	0	4	0	0	0	0	0	0	0	0	0	0	8	25	0	0	0	1	0	0
input/resources/ValueSet-ehealth-relatedperson-relationshiptype.json	3471	1	0	0	0	0	0	0	0	29	0	0	0	0	0	0	0	0	0	0	14	35	0	0	0	0	0	0
input/resources/ValueSet-ehealth-resolved-timing-type.json	743	2	0	0	0	0	0	0	0	6	0	0	0	0	0	0	0	0	0	0	9	21	0	0	0	0	0	0
input/resources/ValueSet-ehealth-restriction-category.json	746	2	0	0	0	0	0	0	0	6	0	0	0	0	0	0	0	1	0	0	9	21	0	0	0	0	0	0
input/resources/ValueSet-ehealth-sharing-approval-policies.json	851	2	0	0	0	0	0	0	0	6	0	0	0	0	0	0	0	0	0	0	9	19	0	0	0	0	0	0
input/resources/ValueSet-ehealth-situation-quality.json	762	1	0	0	0	0	0	0	0	6	0	0	0	0	0	0	0	0	0	0	9	31	0	0	0	0	0	0
input/resources/ValueSet-ehealth-sor-organization-specialty.json	14532	3	0	0	1	0	0	0	1	1094	0	0	0	0	0	0	0	0	0	0	28	916	0	0	0	1	0	0
input/resources/ValueSet-ehealth-sor-organization-type.json	30355	2	0	0	0	0	0	0	1	13	0	0	0	0	0	0	0	0	0	0	39	1142	0	0	0	1	0	0
input/resources/ValueSet-ehealth-task-category.json	690	2	0	0	0	0	0	0	0	6	0	0	0	0	0	0	0	0	0	0	8	39	0	0	0	0	0	0
input/resources/ValueSet-ehealth-thumbnail-size-category.json	821	1	0	0	0	0	0	0	0	3	0	0	0	0	0	0	0	0	0	0	9	21	0	0	0	0	0	0
input/resources/ValueSet-ehealth-thumbnail-status.json	779	2	0	0	0	0	0	0	0	3	0	0	0	0	0	0	0	0	0	0	9	20	0	0	0	1	0	0
input/resources/ValueSet-ehealth-topic-type.json	751	2	0	0	0	0	0	0	0	4	0	0	0	0	0	0	0	0	0	0	9	23	0	0	0	0	0	0
input/resources/ValueSet-ehealth-trigger-behavior.json	916	2	0	0	0	0	0	0	0	4	0	0	0	0	0	0	0	0	0	0	10	19	0	0	0	0	0	0
input/resources/ValueSet-ehealth-trigger-enablement-code.json	769	1	0	0	0	0	0	0	0	3	0	0	0	0	0	0	0	0	0	0	9	21	0	0	0	0	0	0
input/resources/ValueSet-ehealth-unit-code.json	711	2	0	0	1	0	0	0	0	4	0	0	0	0	0	0	0	0	0	0	8	25	0	0	0	0	0	0
input/resources/ValueSet-ehealth-unit.json	833	2	0	0	0	0	0	0	0	5	0	0	0	0	0	0	0	0	0	0	9	2795	0	0	0	0	0	0
input/resources/ValueSet-ehealth-usage-quality.json	792	1	0	0	0	0	0	0	0	3	0	0	0	0	0	0	0	0	0	0	9	30	0	0	0	0	0	0
input/resources/ValueSet-ehealth-view-for-type.json	1218	2	0	0	0	0	0	0	1	4	0	0	0	0	0	0	0	0	0	0	9	19	0	0	0	0	0	0
input/resources/ValueSet-ehealth-view-type.json	652	2	0	0	0	0	0	0	0	3	0	0	0	0	0	0	0	0	0	0	9	19	0	0	0	0	0	0
input/resources/ValueSet-kl.dk-fhir-common-caresocial-ValueSet-KLConditionCodesNursing.json	3323	2	0	0	0	0	0	0	0	5	0	0	0	0	0	0	0	0	0	0	25	69	0	0	0	1	0	0
input/resources/ValueSet-medcom-phmr-observation-vs.json	2625	2	0	0	0	0	0	0	0	5	0	0	0	0	0	0	0	0	0	0	15	38	0	0	0	0	0	0
input/resources/ValueSet-sundhedsdatastyrelsen-dk-ihe-classcode-vs.json	830	1	0	0	0	0	0	0	0	4	0	0	0	0	0	0	0	0	0	0	10	18	0	0	0	0	0	0
input/resources/ValueSet-sundhedsdatastyrelsen-dk-ihe-eventcodelists-vs.json	3705	2	0	0	0	0	0	0	0	4	0	0	0	0	0	0	0	0	0	0	17	52	0	0	0	1	0	1
input/resources/ValueSet-sundhedsdatastyrelsen-dk-ihe-formatcode-vs.json	3031	2	0	0	1	0	0	0	0	5	0	0	0	0	0	0	0	0	0	0	16	35	0	0	0	0	0	0
input/resources/ValueSet-sundhedsdatastyrelsen-dk-ihe-healthcarefacilitytypecode-vs.json	18480	2	0	0	0	0	0	0	1	1290	0	0	0	0	0	0	0	0	0	0	32	1262	0	0	0	1	0	0
input/resources/ValueSet-sundhedsdatastyrelsen-dk-ihe-practicesettingcode-vs.json	15736	2	0	0	0	0	0	0	1	1171	0	0	0	0	0	0	0	0	0	0	27	1208	0	0	0	1	0	0
input/resources/ValueSet-sundhedsdatastyrelsen-dk-ihe-typecode-vs.json	4530	2	0	0	0	0	0	0	0	499	0	0	0	0	0	0	0	0	0	0	14	35	0	0	0	0	0	0
input/resources/Valueset-audit-restriction-levels.json	817	2	0	0	0	0	0	0	0	4	0	0	0	0	0	0	0	0	0	0	9	928	0	0	0	0	0	0
input/resources/Valueset-ehealth-media-usage-mode.json	693	1	0	0	0	0	0	0	1	3	0	0	0	0	0	0	0	0	0	0	9	23	0	0	0	0	0	0
